id,batchID,batchIDLastChangedAt,gameID,gameIDLastChangedAt,playerID,playerIDLastChangedAt
01K9TGE94HHR1S0F907PKG7KMN,01K9TG6EXGBQ4G6XZ3R8J93D2N,2025-11-11T22:26:33.745749607Z,01K9TG6EXX8QH6HVK7KKMCEBA2,2025-11-11T22:26:33.745749607Z,01K9TGBZBBN2VNM7XM1NFZDYSF,2025-11-11T22:26:33.745749607Z
01K9TK4Q7WZ64C0NMJSP2EVZFW,01K9THEXEQ7CHCVV4RW5S1TPVJ,2025-11-11T23:13:46.236980095Z,01K9THEXF5K25GF7E1BF0H3VE3,2025-11-11T23:13:46.236980095Z,01K9TK0BPW384MW0TTYHAFJAGS,2025-11-11T23:13:46.236980095Z
01K9TFE59JGGAZT9R8K2E0VBYQ,01K9TE9T6GRQ5KWPW9N4YQG3VB,2025-11-11T22:09:01.234401927Z,01K9TE9T75JFGS09NGQYAMHPA6,2025-11-11T22:09:01.234401927Z,01K9TF6B432JB2S4GXCA1X1A8D,2025-11-11T22:09:01.234401927Z
01K9TFE59JGGAZT9R8KA13MMAS,01K9TE9T6GRQ5KWPW9N4YQG3VB,2025-11-11T22:09:01.234546094Z,01K9TE9T75JFGS09NGQYAMHPA6,2025-11-11T22:09:01.234546094Z,01K9TFD8YPZ9SMW3BFYATD0C3Y,2025-11-11T22:09:01.234546094Z
01K9TGE94HHR1S0F9078DS1W86,01K9TG6EXGBQ4G6XZ3R8J93D2N,2025-11-11T22:26:33.745509073Z,01K9TG6EXX8QH6HVK7KKMCEBA2,2025-11-11T22:26:33.745509073Z,01K9TG7YYY4ZBCWC5KXYY0TVH7,2025-11-11T22:26:33.745509073Z
01K9TKSD3HH0M3N1FZY8VRWRTN,01K9TKHWPQ1CHEHQDB7EFMGZ28,2025-11-11T23:25:03.985573674Z,01K9TKHWQ56744C1WB3KR2S98C,2025-11-11T23:25:03.985573674Z,01K9TKK4NBAYWV8NPZGBH70SCA,2025-11-11T23:25:03.985573674Z
01K9TKSD3JG6GB9RWBX7Q59FHN,01K9TKHWPQ1CHEHQDB7EFMGZ28,2025-11-11T23:25:03.988348213Z,01K9TKHWQ56744C1WB3KR2S98C,2025-11-11T23:25:03.988348213Z,01K9TKQNK6BGH083BS225HDXX4,2025-11-11T23:25:03.988348213Z
01K9TGMA3V813RMV7SXMRN204Y,01K9TG836P0GZ79TTG0H44E12V,2025-11-11T22:29:51.355567977Z,01K9TG8370531XP7CM1VPEH59N,2025-11-11T22:29:51.355567977Z,01K9TGGKH3RZNNHKBW34D0VAVW,2025-11-11T22:29:51.355567977Z
01K9TGMA3WDKH0QHHBX916XTP1,01K9TG836P0GZ79TTG0H44E12V,2025-11-11T22:29:51.356037482Z,01K9TG8370531XP7CM1VPEH59N,2025-11-11T22:29:51.356037482Z,01K9TGGPCVJQM3MBG61HJ65C1A,2025-11-11T22:29:51.356037482Z
01K9TK4Q7XZ7DPP9K1ATRDTFXV,01K9THEXEQ7CHCVV4RW5S1TPVJ,2025-11-11T23:13:46.237893826Z,01K9THEXF5K25GF7E1BF0H3VE3,2025-11-11T23:13:46.237893826Z,01K9TK4NDHZWVR3YP5F8QC9TTB,2025-11-11T23:13:46.237893826Z
