id,batchID,batchIDLastChangedAt,gameID,gameIDLastChangedAt,playerID,playerIDLastChangedAt,roundID,roundIDLastChangedAt,stageID,stageIDLastChangedAt,submit,submitLastChangedAt
01K9TKT3NQY77265C46BH0KQZ3,01K9TKHWPQ1CHEHQDB7EFMGZ28,2025-11-11T23:25:27.095852788Z,01K9TKHWQ56744C1WB3KR2S98C,2025-11-11T23:25:27.095852788Z,01K9TKQNK6BGH083BS225HDXX4,2025-11-11T23:25:27.095852788Z,01K9TKSD4DTPTKV3T447J8DQ4T,2025-11-11T23:25:27.095852788Z,01K9TKSD5M15X6CJ8WE61A9JHG,2025-11-11T23:25:27.095852788Z,true,2025-11-11T23:25:29.920392406Z
01K9TKV5WSQ32KJP5HP7QQVVVY,01K9TKHWPQ1CHEHQDB7EFMGZ28,2025-11-11T23:26:02.137920055Z,01K9TKHWQ56744C1WB3KR2S98C,2025-11-11T23:26:02.137920055Z,01K9TKQNK6BGH083BS225HDXX4,2025-11-11T23:26:02.137920055Z,01K9TKSD4PCDDJ1PJ971V5YATE,2025-11-11T23:26:02.137920055Z,01K9TKSDC50QPQHXWE2Z4SQFDE,2025-11-11T23:26:02.137920055Z,true,2025-11-11T23:26:02.850491191Z
01K9TFFG1VXWH68DXW20A30V3Y,01K9TE9T6GRQ5KWPW9N4YQG3VB,2025-11-11T22:09:45.019463341Z,01K9TE9T75JFGS09NGQYAMHPA6,2025-11-11T22:09:45.019463341Z,01K9TF6B432JB2S4GXCA1X1A8D,2025-11-11T22:09:45.019463341Z,01K9TFE5AY8V27C3FQG1XKA2XH,2025-11-11T22:09:45.019463341Z,01K9TFE5CS9KV5759RB2SHS572,2025-11-11T22:09:45.019463341Z,true,2025-11-11T22:09:47.268274447Z
01K9TKH9GFPW0EK9VZ4QWAFVGA,01K9THEXEQ7CHCVV4RW5S1TPVJ,2025-11-11T23:20:38.159613964Z,01K9THEXF5K25GF7E1BF0H3VE3,2025-11-11T23:20:38.159613964Z,01K9TK0BPW384MW0TTYHAFJAGS,2025-11-11T23:20:38.159613964Z,01K9TK4Q91SS22TEFNVJ22QER1,2025-11-11T23:20:38.159613964Z,01K9TK4QGF1J73R4898ZXXBJ19,2025-11-11T23:20:38.159613964Z,true,2025-11-11T23:20:44.356909996Z
01K9TGZFEAJWHNR0H96G7A2Z6W,01K9TG836P0GZ79TTG0H44E12V,2025-11-11T22:35:57.258139581Z,01K9TG8370531XP7CM1VPEH59N,2025-11-11T22:35:57.258139581Z,01K9TGGPCVJQM3MBG61HJ65C1A,2025-11-11T22:35:57.258139581Z,01K9TGMA4TG6Z70H84KV7ER18B,2025-11-11T22:35:57.258139581Z,01K9TGMABDNVKFY5PC011F32D9,2025-11-11T22:35:57.258139581Z,true,2025-11-11T22:35:59.330387721Z
01K9TKTR54CDN38GJM47CBKKB4,01K9TKHWPQ1CHEHQDB7EFMGZ28,2025-11-11T23:25:48.068138076Z,01K9TKHWQ56744C1WB3KR2S98C,2025-11-11T23:25:48.068138076Z,01K9TKQNK6BGH083BS225HDXX4,2025-11-11T23:25:48.068138076Z,01K9TKSD4K21VP11X04TQB77K1,2025-11-11T23:25:48.068138076Z,01K9TKSD82MVPZJYDE2ESNB65F,2025-11-11T23:25:48.068138076Z,true,2025-11-11T23:25:49.70480704Z
01K9TKTYVDE9DWFS5ZXSQXVJVE,01K9TKHWPQ1CHEHQDB7EFMGZ28,2025-11-11T23:25:54.925825378Z,01K9TKHWQ56744C1WB3KR2S98C,2025-11-11T23:25:54.925825378Z,01K9TKK4NBAYWV8NPZGBH70SCA,2025-11-11T23:25:54.925825378Z,01K9TKSD4R0JQWFFN7WQ57XYYY,2025-11-11T23:25:54.925825378Z,01K9TKSDA1QZKSJT2E0B29Q1BZ,2025-11-11T23:25:54.925825378Z,true,2025-11-11T23:25:56.079576348Z
01K9TFFC31VEBMB1N6JGTE5E4R,01K9TE9T6GRQ5KWPW9N4YQG3VB,2025-11-11T22:09:40.961503102Z,01K9TE9T75JFGS09NGQYAMHPA6,2025-11-11T22:09:40.961503102Z,01K9TFD8YPZ9SMW3BFYATD0C3Y,2025-11-11T22:09:40.961503102Z,01K9TFE5APXVX1ZA58BHC2M9N4,2025-11-11T22:09:40.961503102Z,01K9TFE5C792MN8DZBKHX0G5A1,2025-11-11T22:09:40.961503102Z,true,2025-11-11T22:09:42.819782054Z
01K9TGEA23Y9S01TY8SWRJ7N3S,01K9TG6EXGBQ4G6XZ3R8J93D2N,2025-11-11T22:26:34.691578797Z,01K9TG6EXX8QH6HVK7KKMCEBA2,2025-11-11T22:26:34.691578797Z,01K9TG7YYY4ZBCWC5KXYY0TVH7,2025-11-11T22:26:34.691578797Z,01K9TGE959AXZTXPXV3CQY4XZC,2025-11-11T22:26:34.691578797Z,01K9TGE96ADGBVEZ4HSTZK03TQ,2025-11-11T22:26:34.691578797Z,true,2025-11-11T22:26:43.401552779Z
01K9TGV93FRST2A8PPD73MPP2Z,01K9TG836P0GZ79TTG0H44E12V,2025-11-11T22:33:39.695538542Z,01K9TG8370531XP7CM1VPEH59N,2025-11-11T22:33:39.695538542Z,01K9TGGKH3RZNNHKBW34D0VAVW,2025-11-11T22:33:39.695538542Z,01K9TGMA51WM1FT5H4XQCPH7M4,2025-11-11T22:33:39.695538542Z,01K9TGMA7W61QRFW1CKMAVT3RW,2025-11-11T22:33:39.695538542Z,true,2025-11-11T22:33:41.139288274Z
01K9TKBFPJ20BACTM2H5AWB1DF,01K9THEXEQ7CHCVV4RW5S1TPVJ,2025-11-11T23:17:27.890057938Z,01K9THEXF5K25GF7E1BF0H3VE3,2025-11-11T23:17:27.890057938Z,01K9TK0BPW384MW0TTYHAFJAGS,2025-11-11T23:17:27.890057938Z,01K9TK4Q8VYH1J4FFGCP3S064V,2025-11-11T23:17:27.890057938Z,01K9TK4QAKD7RVXH4Z9EEDDG96,2025-11-11T23:17:27.890057938Z,true,2025-11-11T23:17:35.54793365Z
01K9TKH9GE258ARX7A59ZXJHPC,01K9THEXEQ7CHCVV4RW5S1TPVJ,2025-11-11T23:20:38.15860953Z,01K9THEXF5K25GF7E1BF0H3VE3,2025-11-11T23:20:38.15860953Z,01K9TK4NDHZWVR3YP5F8QC9TTB,2025-11-11T23:20:38.15860953Z,01K9TK4Q91SS22TEFNVJ22QER1,2025-11-11T23:20:38.15860953Z,01K9TK4QGF1J73R4898ZXXBJ19,2025-11-11T23:20:38.15860953Z,true,2025-11-11T23:20:39.074310062Z
01K9TKTTST8DZNFV57MRWRMP2Y,01K9TKHWPQ1CHEHQDB7EFMGZ28,2025-11-11T23:25:50.778269461Z,01K9TKHWQ56744C1WB3KR2S98C,2025-11-11T23:25:50.778269461Z,01K9TKK4NBAYWV8NPZGBH70SCA,2025-11-11T23:25:50.778269461Z,01K9TKSD4S0WBY5DAR4CCHCV01,2025-11-11T23:25:50.778269461Z,01K9TKSD8K5N0NJMXPXBB4WY81,2025-11-11T23:25:50.778269461Z,true,2025-11-11T23:25:51.988713463Z
01K9TKTY34KK11BA98HC11XMT1,01K9TKHWPQ1CHEHQDB7EFMGZ28,2025-11-11T23:25:54.148791245Z,01K9TKHWQ56744C1WB3KR2S98C,2025-11-11T23:25:54.148791245Z,01K9TKK4NBAYWV8NPZGBH70SCA,2025-11-11T23:25:54.148791245Z,01K9TKSD4R0JQWFFN7WQ57XYYY,2025-11-11T23:25:54.148791245Z,01K9TKSDA010T1MP69MJ6Q976V,2025-11-11T23:25:54.148791245Z,true,2025-11-11T23:25:54.825874257Z
01K9TGMGSKNR5V48KXZK33NXRN,01K9TG6EXGBQ4G6XZ3R8J93D2N,2025-11-11T22:29:58.195940726Z,01K9TG6EXX8QH6HVK7KKMCEBA2,2025-11-11T22:29:58.195940726Z,01K9TG7YYY4ZBCWC5KXYY0TVH7,2025-11-11T22:29:58.195940726Z,01K9TGE95FS1V1B4EYHAQRBGA6,2025-11-11T22:29:58.195940726Z,01K9TGE98MM7H6DK0VG5HR9M4W,2025-11-11T22:29:58.195940726Z,true,2025-11-11T22:29:59.36188085Z
01K9TGMY0CSK180TA7A221S38S,01K9TG6EXGBQ4G6XZ3R8J93D2N,2025-11-11T22:30:11.724174914Z,01K9TG6EXX8QH6HVK7KKMCEBA2,2025-11-11T22:30:11.724174914Z,01K9TGBZBBN2VNM7XM1NFZDYSF,2025-11-11T22:30:11.724174914Z,01K9TGE95GCTZ256T5MN7QQ314,2025-11-11T22:30:11.724174914Z,01K9TGE997SKCHJH4GJNCVFN03,2025-11-11T22:30:11.724174914Z,true,2025-11-11T22:30:13.686454382Z
01K9TGV0W5D48NK7TGP4PD8T2Y,01K9TG836P0GZ79TTG0H44E12V,2025-11-11T22:33:31.269465043Z,01K9TG8370531XP7CM1VPEH59N,2025-11-11T22:33:31.269465043Z,01K9TGGKH3RZNNHKBW34D0VAVW,2025-11-11T22:33:31.269465043Z,01K9TGMA52XBS9APGV64BGMJQ0,2025-11-11T22:33:31.269465043Z,01K9TGMA7D1QH9E9MN5GQ38MSX,2025-11-11T22:33:31.269465043Z,true,2025-11-11T22:33:32.852065464Z
01K9TGXAWGV9MQ0WMAHD4YZY7Q,01K9TG836P0GZ79TTG0H44E12V,2025-11-11T22:34:47.056187455Z,01K9TG8370531XP7CM1VPEH59N,2025-11-11T22:34:47.056187455Z,01K9TGGKH3RZNNHKBW34D0VAVW,2025-11-11T22:34:47.056187455Z,01K9TGMA4Z9MQARMEXBRY5H970,2025-11-11T22:34:47.056187455Z,01K9TGMA8PJQFES27ZCJNDH7G4,2025-11-11T22:34:47.056187455Z,true,2025-11-11T22:34:56.861240078Z
01K9TGXMFWE342EGGRTH5NSMJQ,01K9TG836P0GZ79TTG0H44E12V,2025-11-11T22:34:56.892496261Z,01K9TG8370531XP7CM1VPEH59N,2025-11-11T22:34:56.892496261Z,01K9TGGPCVJQM3MBG61HJ65C1A,2025-11-11T22:34:56.892496261Z,01K9TGMA4Z9MQARMEXBRY5H970,2025-11-11T22:34:56.892496261Z,01K9TGMA8QPZP64D2PXHZD2YVA,2025-11-11T22:34:56.892496261Z,true,2025-11-11T22:35:03.973693825Z
01K9TFHARD0R5XG8E4QT3GJJ4J,01K9TE9T6GRQ5KWPW9N4YQG3VB,2025-11-11T22:10:45.133299163Z,01K9TE9T75JFGS09NGQYAMHPA6,2025-11-11T22:10:45.133299163Z,01K9TFD8YPZ9SMW3BFYATD0C3Y,2025-11-11T22:10:45.133299163Z,01K9TFE5AY8V27C3FQFK4M8FAK,2025-11-11T22:10:45.133299163Z,01K9TFE5J4PBJXGAD7V2QTZKPH,2025-11-11T22:10:45.133299163Z,true,2025-11-11T22:10:46.810281548Z
01K9TGMY0CSK180TA7A9GQTK5Y,01K9TG6EXGBQ4G6XZ3R8J93D2N,2025-11-11T22:30:11.724873967Z,01K9TG6EXX8QH6HVK7KKMCEBA2,2025-11-11T22:30:11.724873967Z,01K9TG7YYY4ZBCWC5KXYY0TVH7,2025-11-11T22:30:11.724873967Z,01K9TGE95GCTZ256T5MN7QQ314,2025-11-11T22:30:11.724873967Z,01K9TGE997SKCHJH4GJNCVFN03,2025-11-11T22:30:11.724873967Z,true,2025-11-11T22:30:13.67035779Z
01K9TGZNCSGB41RC6VBTD6RAP7,01K9TG836P0GZ79TTG0H44E12V,2025-11-11T22:36:03.353871613Z,01K9TG8370531XP7CM1VPEH59N,2025-11-11T22:36:03.353871613Z,01K9TGGKH3RZNNHKBW34D0VAVW,2025-11-11T22:36:03.353871613Z,01K9TGMA4TG6Z70H84KFN62YMP,2025-11-11T22:36:03.353871613Z,01K9TGMABSMF9P4WDX94GYYXHY,2025-11-11T22:36:03.353871613Z,true,2025-11-11T22:36:05.328458554Z
01K9TKFNPPNF48BVTW7KWWCVNQ,01K9THEXEQ7CHCVV4RW5S1TPVJ,2025-11-11T23:19:45.110183102Z,01K9THEXF5K25GF7E1BF0H3VE3,2025-11-11T23:19:45.110183102Z,01K9TK4NDHZWVR3YP5F8QC9TTB,2025-11-11T23:19:45.110183102Z,01K9TK4Q9A3QVYJRYMHNV4BNTY,2025-11-11T23:19:45.110183102Z,01K9TK4QDAENRFP9EHK8YADTFE,2025-11-11T23:19:45.110183102Z,true,2025-11-11T23:19:46.562144089Z
01K9TGPMEHBA7WFCAXB55F4JY1,01K9TG6EXGBQ4G6XZ3R8J93D2N,2025-11-11T22:31:07.473846868Z,01K9TG6EXX8QH6HVK7KKMCEBA2,2025-11-11T22:31:07.473846868Z,01K9TG7YYY4ZBCWC5KXYY0TVH7,2025-11-11T22:31:07.473846868Z,01K9TGE95E94ZEKZD23TRVWN2T,2025-11-11T22:31:07.473846868Z,01K9TGE9D4Z3VDB6F1G2MAGMZ4,2025-11-11T22:31:07.473846868Z,true,2025-11-11T22:31:08.593551855Z
01K9TGZCR7SM069FTPT80YTK2Z,01K9TG836P0GZ79TTG0H44E12V,2025-11-11T22:35:54.503551474Z,01K9TG8370531XP7CM1VPEH59N,2025-11-11T22:35:54.503551474Z,01K9TGGKH3RZNNHKBW34D0VAVW,2025-11-11T22:35:54.503551474Z,01K9TGMA4VG9WMXA9ECCASRFH8,2025-11-11T22:35:54.503551474Z,01K9TGMAB1GJP970QNVBZB9JBG,2025-11-11T22:35:54.503551474Z,true,2025-11-11T22:35:55.5562641Z
01K9TKDEGRB1JFMNK4Y6P7VGV8,01K9THEXEQ7CHCVV4RW5S1TPVJ,2025-11-11T23:18:32.216797203Z,01K9THEXF5K25GF7E1BF0H3VE3,2025-11-11T23:18:32.216797203Z,01K9TK4NDHZWVR3YP5F8QC9TTB,2025-11-11T23:18:32.216797203Z,01K9TK4Q9CGHXAKV5SVTFAQVVB,2025-11-11T23:18:32.216797203Z,01K9TK4QC134FBRPH56SM3BNG1,2025-11-11T23:18:32.216797203Z,true,2025-11-11T23:18:34.172244625Z
01K9TKTFKNGN44C6QT3JFZHTTJ,01K9TKHWPQ1CHEHQDB7EFMGZ28,2025-11-11T23:25:39.317594026Z,01K9TKHWQ56744C1WB3KR2S98C,2025-11-11T23:25:39.317594026Z,01K9TKK4NBAYWV8NPZGBH70SCA,2025-11-11T23:25:39.317594026Z,01K9TKSD4MPZHVQ4TYTPSGSEPW,2025-11-11T23:25:39.317594026Z,01K9TKSD6ZAAJWV5HXBF3SJHPV,2025-11-11T23:25:39.317594026Z,true,2025-11-11T23:25:40.773774835Z
01K9TKV8AXY0Z8N351GA7H053P,01K9TKHWPQ1CHEHQDB7EFMGZ28,2025-11-11T23:26:04.637166256Z,01K9TKHWQ56744C1WB3KR2S98C,2025-11-11T23:26:04.637166256Z,01K9TKK4NBAYWV8NPZGBH70SCA,2025-11-11T23:26:04.637166256Z,01K9TKSD4NGMN4A7DPH9BC9HKR,2025-11-11T23:26:04.637166256Z,01K9TKSDD34FBQJFS8Q0SFMY9M,2025-11-11T23:26:04.637166256Z,true,2025-11-11T23:26:05.150364401Z
01K9TGTTMFH4300T0JM461GFAB,01K9TG836P0GZ79TTG0H44E12V,2025-11-11T22:33:24.879185413Z,01K9TG8370531XP7CM1VPEH59N,2025-11-11T22:33:24.879185413Z,01K9TGGPCVJQM3MBG61HJ65C1A,2025-11-11T22:33:24.879185413Z,01K9TGMA4Q7H0VN9NMVWAP8QM8,2025-11-11T22:33:24.879185413Z,01K9TGMA69JQ485F6QN826P82F,2025-11-11T22:33:24.879185413Z,true,2025-11-11T22:33:29.596878915Z
01K9TKD15W69E3ZHVTH39RQBYD,01K9THEXEQ7CHCVV4RW5S1TPVJ,2025-11-11T23:18:18.557032867Z,01K9THEXF5K25GF7E1BF0H3VE3,2025-11-11T23:18:18.557032867Z,01K9TK0BPW384MW0TTYHAFJAGS,2025-11-11T23:18:18.557032867Z,01K9TK4Q9CGHXAKV5SVTFAQVVB,2025-11-11T23:18:18.557032867Z,01K9TK4QC008A69ZEKJ9M60F16,2025-11-11T23:18:18.557032867Z,true,2025-11-11T23:18:32.183926519Z
01K9TFG97JC1FC94V3V43CA7QQ,01K9TE9T6GRQ5KWPW9N4YQG3VB,2025-11-11T22:10:10.802920275Z,01K9TE9T75JFGS09NGQYAMHPA6,2025-11-11T22:10:10.802920275Z,01K9TF6B432JB2S4GXCA1X1A8D,2025-11-11T22:10:10.802920275Z,01K9TFE5AXCV451BQCZJ4JH1GC,2025-11-11T22:10:10.802920275Z,01K9TFE5DTSECPR908Y600P51R,2025-11-11T22:10:10.802920275Z,true,2025-11-11T22:10:12.797288011Z
01K9TKTH3DYTZ6VQCHPNW3Y675,01K9TKHWPQ1CHEHQDB7EFMGZ28,2025-11-11T23:25:40.845229565Z,01K9TKHWQ56744C1WB3KR2S98C,2025-11-11T23:25:40.845229565Z,01K9TKQNK6BGH083BS225HDXX4,2025-11-11T23:25:40.845229565Z,01K9TKSD4MPZHVQ4TYT6EEEJ3G,2025-11-11T23:25:40.845229565Z,01K9TKSD7D43C00G29XVWDPCMV,2025-11-11T23:25:40.845229565Z,true,2025-11-11T23:25:46.389281604Z
01K9TGZ7F2DND2KDA230TDRTX2,01K9TG836P0GZ79TTG0H44E12V,2025-11-11T22:35:49.090670824Z,01K9TG8370531XP7CM1VPEH59N,2025-11-11T22:35:49.090670824Z,01K9TGGPCVJQM3MBG61HJ65C1A,2025-11-11T22:35:49.090670824Z,01K9TGMA4X601EMW9647JQ41X6,2025-11-11T22:35:49.090670824Z,01K9TGMAAAW12WQ8Y2QSJ8F5YW,2025-11-11T22:35:49.090670824Z,true,2025-11-11T22:35:51.286553393Z
01K9TKV7DJ5RWT4KQ7GSKK4JS7,01K9TKHWPQ1CHEHQDB7EFMGZ28,2025-11-11T23:26:03.698870592Z,01K9TKHWQ56744C1WB3KR2S98C,2025-11-11T23:26:03.698870592Z,01K9TKQNK6BGH083BS225HDXX4,2025-11-11T23:26:03.698870592Z,01K9TKSD4HFVA9PSW86GZ086VZ,2025-11-11T23:26:03.698870592Z,01K9TKSDCK2867M46FJ64NYG0X,2025-11-11T23:26:03.698870592Z,true,2025-11-11T23:26:04.570847694Z
01K9TGZCR60GY4F44ZWPBHSD3Y,01K9TG836P0GZ79TTG0H44E12V,2025-11-11T22:35:54.502928605Z,01K9TG8370531XP7CM1VPEH59N,2025-11-11T22:35:54.502928605Z,01K9TGGPCVJQM3MBG61HJ65C1A,2025-11-11T22:35:54.502928605Z,01K9TGMA4VG9WMXA9ECCASRFH8,2025-11-11T22:35:54.502928605Z,01K9TGMAB1GJP970QNVBZB9JBG,2025-11-11T22:35:54.502928605Z,true,2025-11-11T22:35:55.746721453Z
01K9TKF61C23F148HRN2HJXEGZ,01K9THEXEQ7CHCVV4RW5S1TPVJ,2025-11-11T23:19:29.06845287Z,01K9THEXF5K25GF7E1BF0H3VE3,2025-11-11T23:19:29.06845287Z,01K9TK4NDHZWVR3YP5F8QC9TTB,2025-11-11T23:19:29.06845287Z,01K9TK4Q9A3QVYJRYMHNV4BNTY,2025-11-11T23:19:29.06845287Z,01K9TK4QD93DC2HGZCAZNA5F75,2025-11-11T23:19:29.06845287Z,true,2025-11-11T23:19:30.491225418Z
01K9TFH6YG096HQ99A41GJT5Q7,01K9TE9T6GRQ5KWPW9N4YQG3VB,2025-11-11T22:10:41.232874754Z,01K9TE9T75JFGS09NGQYAMHPA6,2025-11-11T22:10:41.232874754Z,01K9TF6B432JB2S4GXCA1X1A8D,2025-11-11T22:10:41.232874754Z,01K9TFE5AR7VP2MYEA0GYCZV21,2025-11-11T22:10:41.232874754Z,01K9TFE5GSHXA7KZ9FH3XCS0FN,2025-11-11T22:10:41.232874754Z,true,2025-11-11T22:10:42.418029424Z
01K9TGMZZPP7QYPDPH9WB82TY2,01K9TG6EXGBQ4G6XZ3R8J93D2N,2025-11-11T22:30:13.750100502Z,01K9TG6EXX8QH6HVK7KKMCEBA2,2025-11-11T22:30:13.750100502Z,01K9TG7YYY4ZBCWC5KXYY0TVH7,2025-11-11T22:30:13.750100502Z,01K9TGE95GCTZ256T5N3SQW9GM,2025-11-11T22:30:13.750100502Z,01K9TGE99V64YVHSZ7J0RN1KEE,2025-11-11T22:30:13.750100502Z,true,2025-11-11T22:30:16.133013724Z
01K9TGZE05V83RZSN5ASKX2GK0,01K9TG836P0GZ79TTG0H44E12V,2025-11-11T22:35:55.781187611Z,01K9TG8370531XP7CM1VPEH59N,2025-11-11T22:35:55.781187611Z,01K9TGGKH3RZNNHKBW34D0VAVW,2025-11-11T22:35:55.781187611Z,01K9TGMA4VG9WMXA9ECCASRFH8,2025-11-11T22:35:55.781187611Z,01K9TGMAB2MXSRV2N0W2TZQARD,2025-11-11T22:35:55.781187611Z,true,2025-11-11T22:35:56.489353524Z
01K9TGZK6PVV04KMQZ889967N1,01K9TG836P0GZ79TTG0H44E12V,2025-11-11T22:36:01.11077258Z,01K9TG8370531XP7CM1VPEH59N,2025-11-11T22:36:01.11077258Z,01K9TGGKH3RZNNHKBW34D0VAVW,2025-11-11T22:36:01.11077258Z,01K9TGMA4TG6Z70H84KFN62YMP,2025-11-11T22:36:01.11077258Z,01K9TGMABSMF9P4WDX8PMMWAAQ,2025-11-11T22:36:01.11077258Z,true,2025-11-11T22:36:02.133304748Z
01K9TKG27CFQQY12BK6YCRSYGA,01K9THEXEQ7CHCVV4RW5S1TPVJ,2025-11-11T23:19:57.932159152Z,01K9THEXF5K25GF7E1BF0H3VE3,2025-11-11T23:19:57.932159152Z,01K9TK0BPW384MW0TTYHAFJAGS,2025-11-11T23:19:57.932159152Z,01K9TK4Q96MKZEJYNZPX906Z9Y,2025-11-11T23:19:57.932159152Z,01K9TK4QDT41646509GNWKVZ77,2025-11-11T23:19:57.932159152Z,true,2025-11-11T23:20:01.863333089Z
01K9TGJDENBN4SZVK70120EGVZ,01K9TG6EXGBQ4G6XZ3R8J93D2N,2025-11-11T22:28:49.237671516Z,01K9TG6EXX8QH6HVK7KKMCEBA2,2025-11-11T22:28:49.237671516Z,01K9TG7YYY4ZBCWC5KXYY0TVH7,2025-11-11T22:28:49.237671516Z,01K9TGE959AXZTXPXV3CQY4XZC,2025-11-11T22:28:49.237671516Z,01K9TGE96ADGBVEZ4HTENX6RRZ,2025-11-11T22:28:49.237671516Z,true,2025-11-11T22:28:52.449180506Z
01K9TGTZATKZS9HHG8SY40AD89,01K9TG836P0GZ79TTG0H44E12V,2025-11-11T22:33:29.690911256Z,01K9TG8370531XP7CM1VPEH59N,2025-11-11T22:33:29.690911256Z,01K9TGGPCVJQM3MBG61HJ65C1A,2025-11-11T22:33:29.690911256Z,01K9TGMA52XBS9APGV64BGMJQ0,2025-11-11T22:33:29.690911256Z,01K9TGMA7CR43D5EQ9B8R8WHWE,2025-11-11T22:33:29.690911256Z,true,2025-11-11T22:33:31.245176122Z
01K9TGZ9NJJ64BY9C7WRTGGWJ3,01K9TG836P0GZ79TTG0H44E12V,2025-11-11T22:35:51.34686826Z,01K9TG8370531XP7CM1VPEH59N,2025-11-11T22:35:51.34686826Z,01K9TGGPCVJQM3MBG61HJ65C1A,2025-11-11T22:35:51.34686826Z,01K9TGMA4W5P644FDTK1K5MWZN,2025-11-11T22:35:51.34686826Z,01K9TGMAAPX1CD8PPG71Z3KXRN,2025-11-11T22:35:51.34686826Z,true,2025-11-11T22:35:52.944648577Z
01K9TGMSRP2X2HV0GXHYBRDBT4,01K9TG6EXGBQ4G6XZ3R8J93D2N,2025-11-11T22:30:07.382657734Z,01K9TG6EXX8QH6HVK7KKMCEBA2,2025-11-11T22:30:07.382657734Z,01K9TG7YYY4ZBCWC5KXYY0TVH7,2025-11-11T22:30:07.382657734Z,01K9TGE95GCTZ256T5MN7QQ314,2025-11-11T22:30:07.382657734Z,01K9TGE997SKCHJH4GJ271XEJV,2025-11-11T22:30:07.382657734Z,true,2025-11-11T22:30:08.591399254Z
01K9TGN96P0TNH15BAS79Q07XD,01K9TG6EXGBQ4G6XZ3R8J93D2N,2025-11-11T22:30:23.190488522Z,01K9TG6EXX8QH6HVK7KKMCEBA2,2025-11-11T22:30:23.190488522Z,01K9TGBZBBN2VNM7XM1NFZDYSF,2025-11-11T22:30:23.190488522Z,01K9TGE95H93S43VD8W4ZX5JGE,2025-11-11T22:30:23.190488522Z,01K9TGE9AGWSVRGHSCSBQ0B754,2025-11-11T22:30:23.190488522Z,true,2025-11-11T22:30:49.870838654Z
01K9TKENZYVB928JQ1V38DRSYH,01K9THEXEQ7CHCVV4RW5S1TPVJ,2025-11-11T23:19:12.638929792Z,01K9THEXF5K25GF7E1BF0H3VE3,2025-11-11T23:19:12.638929792Z,01K9TK0BPW384MW0TTYHAFJAGS,2025-11-11T23:19:12.638929792Z,01K9TK4Q9B42RC6PM2BPCADA6C,2025-11-11T23:19:12.638929792Z,01K9TK4QCWBECQCX2Z88SJFMAV,2025-11-11T23:19:12.638929792Z,true,2025-11-11T23:19:18.731388118Z
01K9TKSE459G8E1K1J6KRFDYZ6,01K9TKHWPQ1CHEHQDB7EFMGZ28,2025-11-11T23:25:05.029104411Z,01K9TKHWQ56744C1WB3KR2S98C,2025-11-11T23:25:05.029104411Z,01K9TKQNK6BGH083BS225HDXX4,2025-11-11T23:25:05.029104411Z,01K9TKSD4DTPTKV3T447J8DQ4T,2025-11-11T23:25:05.029104411Z,01K9TKSD5J52CQSWPF67YT54JM,2025-11-11T23:25:05.029104411Z,true,2025-11-11T23:25:27.063295238Z
01K9TKT6GBNTS4KD6JPYEGWDQQ,01K9TKHWPQ1CHEHQDB7EFMGZ28,2025-11-11T23:25:29.995199159Z,01K9TKHWQ56744C1WB3KR2S98C,2025-11-11T23:25:29.995199159Z,01K9TKQNK6BGH083BS225HDXX4,2025-11-11T23:25:29.995199159Z,01K9TKSD4JQR16AFAMWKEXHF94,2025-11-11T23:25:29.995199159Z,01K9TKSD6EFW9YD21TYK4D8Q9E,2025-11-11T23:25:29.995199159Z,true,2025-11-11T23:25:35.244436156Z
01K9TFHCEDS4266NP9DSGE0THR,01K9TE9T6GRQ5KWPW9N4YQG3VB,2025-11-11T22:10:46.861695607Z,01K9TE9T75JFGS09NGQYAMHPA6,2025-11-11T22:10:46.861695607Z,01K9TFD8YPZ9SMW3BFYATD0C3Y,2025-11-11T22:10:46.861695607Z,01K9TFE5ASTVVMV20PHS99GGHC,2025-11-11T22:10:46.861695607Z,01K9TFE5JFYPNN703BFCMQCT91,2025-11-11T22:10:46.861695607Z,true,2025-11-11T22:10:48.144231354Z
01K9TGTCWNXG0BJ8W1198WCDNB,01K9TG836P0GZ79TTG0H44E12V,2025-11-11T22:33:10.805574642Z,01K9TG8370531XP7CM1VPEH59N,2025-11-11T22:33:10.805574642Z,01K9TGGPCVJQM3MBG61HJ65C1A,2025-11-11T22:33:10.805574642Z,01K9TGMA4KBJ6YJHJ5A7VXMH0J,2025-11-11T22:33:10.805574642Z,01K9TGMA5QTSF6G7EGETYAHE87,2025-11-11T22:33:10.805574642Z,true,2025-11-11T22:33:18.584510924Z
01K9TKTBNEEFC144X7X060YA62,01K9TKHWPQ1CHEHQDB7EFMGZ28,2025-11-11T23:25:35.278408128Z,01K9TKHWQ56744C1WB3KR2S98C,2025-11-11T23:25:35.278408128Z,01K9TKQNK6BGH083BS225HDXX4,2025-11-11T23:25:35.278408128Z,01K9TKSD4JQR16AFAMWKEXHF94,2025-11-11T23:25:35.278408128Z,01K9TKSD6F731DTH404MH3KMAV,2025-11-11T23:25:35.278408128Z,true,2025-11-11T23:25:36.361532881Z
01K9TFEWVXX0YW7EY9MF29S2VJ,01K9TE9T6GRQ5KWPW9N4YQG3VB,2025-11-11T22:09:25.373123003Z,01K9TE9T75JFGS09NGQYAMHPA6,2025-11-11T22:09:25.373123003Z,01K9TFD8YPZ9SMW3BFYATD0C3Y,2025-11-11T22:09:25.373123003Z,01K9TFE5AJYTJ90KNXHC4QWS9W,2025-11-11T22:09:25.373123003Z,01K9TFE5BNMBK6596ARQZBZYBF,2025-11-11T22:09:25.373123003Z,true,2025-11-11T22:09:28.92959595Z
01K9TGMPP0HRRBQ6CWAFDBKD06,01K9TG6EXGBQ4G6XZ3R8J93D2N,2025-11-11T22:30:04.224391164Z,01K9TG6EXX8QH6HVK7KKMCEBA2,2025-11-11T22:30:04.224391164Z,01K9TG7YYY4ZBCWC5KXYY0TVH7,2025-11-11T22:30:04.224391164Z,01K9TGE95FS1V1B4EYHAQRBGA6,2025-11-11T22:30:04.224391164Z,01K9TGE98P6JMTSG4W86GJ59QS,2025-11-11T22:30:04.224391164Z,true,2025-11-11T22:30:07.329018694Z
01K9TK9WQX4N4WDNFS5E9DDWP8,01K9THEXEQ7CHCVV4RW5S1TPVJ,2025-11-11T23:16:35.709695664Z,01K9THEXF5K25GF7E1BF0H3VE3,2025-11-11T23:16:35.709695664Z,01K9TK0BPW384MW0TTYHAFJAGS,2025-11-11T23:16:35.709695664Z,01K9TK4Q8VYH1J4FFGCP3S064V,2025-11-11T23:16:35.709695664Z,01K9TK4QAKD7RVXH4Z8YFGKXDP,2025-11-11T23:16:35.709695664Z,true,2025-11-11T23:17:27.859091218Z
01K9TKC9B1GXX8B4MB8HE3GNFA,01K9THEXEQ7CHCVV4RW5S1TPVJ,2025-11-11T23:17:54.145936127Z,01K9THEXF5K25GF7E1BF0H3VE3,2025-11-11T23:17:54.145936127Z,01K9TK4NDHZWVR3YP5F8QC9TTB,2025-11-11T23:17:54.145936127Z,01K9TK4Q8XVP701GFCQAGBA6XA,2025-11-11T23:17:54.145936127Z,01K9TK4QBG8BZBEZGCD696JF8W,2025-11-11T23:17:54.145936127Z,true,2025-11-11T23:17:55.308713645Z
01K9TKFT8C0P77W18Q7GSPC9RM,01K9THEXEQ7CHCVV4RW5S1TPVJ,2025-11-11T23:19:49.772322247Z,01K9THEXF5K25GF7E1BF0H3VE3,2025-11-11T23:19:49.772322247Z,01K9TK0BPW384MW0TTYHAFJAGS,2025-11-11T23:19:49.772322247Z,01K9TK4Q96MKZEJYNZPX906Z9Y,2025-11-11T23:19:49.772322247Z,01K9TK4QDS0T4A525EGQ8GQKTN,2025-11-11T23:19:49.772322247Z,true,2025-11-11T23:19:57.858303982Z
01K9TFGF669SFG7K2EETYPTYK2,01K9TE9T6GRQ5KWPW9N4YQG3VB,2025-11-11T22:10:16.902336864Z,01K9TE9T75JFGS09NGQYAMHPA6,2025-11-11T22:10:16.902336864Z,01K9TFD8YPZ9SMW3BFYATD0C3Y,2025-11-11T22:10:16.902336864Z,01K9TFE5AXCV451BQCYG9CNGS5,2025-11-11T22:10:16.902336864Z,01K9TFE5E9EAW90RQXKGSJAZDC,2025-11-11T22:10:16.902336864Z,true,2025-11-11T22:10:18.91213258Z
01K9TGQ7B3TSDE1C8B9E2QEK66,01K9TG6EXGBQ4G6XZ3R8J93D2N,2025-11-11T22:31:26.81979351Z,01K9TG6EXX8QH6HVK7KKMCEBA2,2025-11-11T22:31:26.81979351Z,01K9TGBZBBN2VNM7XM1NFZDYSF,2025-11-11T22:31:26.81979351Z,01K9TGE95E94ZEKZD23TRVWN2T,2025-11-11T22:31:26.81979351Z,01K9TGE9D594KGD1CWQZ1N4968,2025-11-11T22:31:26.81979351Z,true,2025-11-11T22:31:29.389311323Z
01K9TK7AEDB9C5828QSMH01TC5,01K9THEXEQ7CHCVV4RW5S1TPVJ,2025-11-11T23:15:11.437345543Z,01K9THEXF5K25GF7E1BF0H3VE3,2025-11-11T23:15:11.437345543Z,01K9TK0BPW384MW0TTYHAFJAGS,2025-11-11T23:15:11.437345543Z,01K9TK4Q8R0KKXRE0RG0XBVAZ3,2025-11-11T23:15:11.437345543Z,01K9TK4QA3RFQM39S9YWASYVPC,2025-11-11T23:15:11.437345543Z,true,2025-11-11T23:15:18.282296297Z
01K9TKTWPD6FXXQXVZZKEP5FVW,01K9TKHWPQ1CHEHQDB7EFMGZ28,2025-11-11T23:25:52.717815072Z,01K9TKHWQ56744C1WB3KR2S98C,2025-11-11T23:25:52.717815072Z,01K9TKK4NBAYWV8NPZGBH70SCA,2025-11-11T23:25:52.717815072Z,01K9TKSD4S0WBY5DAR4CCHCV01,2025-11-11T23:25:52.717815072Z,01K9TKSD8MQFKX34HYKW5V7VT0,2025-11-11T23:25:52.717815072Z,true,2025-11-11T23:25:53.401900252Z
01K9TFG1JHAG3F78RVJKFFFXYA,01K9TE9T6GRQ5KWPW9N4YQG3VB,2025-11-11T22:10:02.961352186Z,01K9TE9T75JFGS09NGQYAMHPA6,2025-11-11T22:10:02.961352186Z,01K9TFD8YPZ9SMW3BFYATD0C3Y,2025-11-11T22:10:02.961352186Z,01K9TFE5AZVKDZCPYNZ3N97SXC,2025-11-11T22:10:02.961352186Z,01K9TFE5D9BS3SJTBEEYXJG36M,2025-11-11T22:10:02.961352186Z,true,2025-11-11T22:10:05.013582815Z
01K9TGP39PGVTZZY2DR5WNH69M,01K9TG6EXGBQ4G6XZ3R8J93D2N,2025-11-11T22:30:49.910545709Z,01K9TG6EXX8QH6HVK7KKMCEBA2,2025-11-11T22:30:49.910545709Z,01K9TGBZBBN2VNM7XM1NFZDYSF,2025-11-11T22:30:49.910545709Z,01K9TGE95H93S43VD8W4ZX5JGE,2025-11-11T22:30:49.910545709Z,01K9TGE9AGWSVRGHSCSZHCHY9C,2025-11-11T22:30:49.910545709Z,true,2025-11-11T22:30:52.163957148Z
01K9TGP39MRJ9PHZDSMFMDC57Z,01K9TG6EXGBQ4G6XZ3R8J93D2N,2025-11-11T22:30:49.908757142Z,01K9TG6EXX8QH6HVK7KKMCEBA2,2025-11-11T22:30:49.908757142Z,01K9TG7YYY4ZBCWC5KXYY0TVH7,2025-11-11T22:30:49.908757142Z,01K9TGE95H93S43VD8W4ZX5JGE,2025-11-11T22:30:49.908757142Z,01K9TGE9AGWSVRGHSCSZHCHY9C,2025-11-11T22:30:49.908757142Z,true,2025-11-11T22:30:53.004530496Z
01K9TKEEVRPN7GNB72HHJYD2NX,01K9THEXEQ7CHCVV4RW5S1TPVJ,2025-11-11T23:19:05.336124068Z,01K9THEXF5K25GF7E1BF0H3VE3,2025-11-11T23:19:05.336124068Z,01K9TK0BPW384MW0TTYHAFJAGS,2025-11-11T23:19:05.336124068Z,01K9TK4Q9B42RC6PM2BPCADA6C,2025-11-11T23:19:05.336124068Z,01K9TK4QCWBECQCX2Z7D17C3R4,2025-11-11T23:19:05.336124068Z,true,2025-11-11T23:19:12.601703713Z
01K9TKV01QEK8W1D5B94JWMB5Z,01K9TKHWPQ1CHEHQDB7EFMGZ28,2025-11-11T23:25:56.151556128Z,01K9TKHWQ56744C1WB3KR2S98C,2025-11-11T23:25:56.151556128Z,01K9TKK4NBAYWV8NPZGBH70SCA,2025-11-11T23:25:56.151556128Z,01K9TKSD4R0JQWFFN7W7Z5TYWK,2025-11-11T23:25:56.151556128Z,01K9TKSDAJR33KYHWQKBZTSQB4,2025-11-11T23:25:56.151556128Z,true,2025-11-11T23:25:56.850537254Z
01K9TKV4RA4ZMACVCB0KMJKT8R,01K9TKHWPQ1CHEHQDB7EFMGZ28,2025-11-11T23:26:00.970505664Z,01K9TKHWQ56744C1WB3KR2S98C,2025-11-11T23:26:00.970505664Z,01K9TKK4NBAYWV8NPZGBH70SCA,2025-11-11T23:26:00.970505664Z,01K9TKSD4PCDDJ1PJ971V5YATE,2025-11-11T23:26:00.970505664Z,01K9TKSDC3QNTW8EZPF0XDQM45,2025-11-11T23:26:00.970505664Z,true,2025-11-11T23:26:01.578226537Z
01K9TFH5J8MHTD0KQ4GE26VENA,01K9TE9T6GRQ5KWPW9N4YQG3VB,2025-11-11T22:10:39.816162228Z,01K9TE9T75JFGS09NGQYAMHPA6,2025-11-11T22:10:39.816162228Z,01K9TFD8YPZ9SMW3BFYATD0C3Y,2025-11-11T22:10:39.816162228Z,01K9TFE5AR7VP2MYEA0GYCZV21,2025-11-11T22:10:39.816162228Z,01K9TFE5GSHXA7KZ9FGF45WR8T,2025-11-11T22:10:39.816162228Z,true,2025-11-11T22:10:41.202553166Z
01K9TFH979YZ2947TSN64QC4N1,01K9TE9T6GRQ5KWPW9N4YQG3VB,2025-11-11T22:10:43.561845464Z,01K9TE9T75JFGS09NGQYAMHPA6,2025-11-11T22:10:43.561845464Z,01K9TF6B432JB2S4GXCA1X1A8D,2025-11-11T22:10:43.561845464Z,01K9TFE5AY8V27C3FQFK4M8FAK,2025-11-11T22:10:43.561845464Z,01K9TFE5J4PBJXGAD7TKMYSW0F,2025-11-11T22:10:43.561845464Z,true,2025-11-11T22:10:44.33254277Z
01K9TGXMFVF0MJDCD9G3R183B5,01K9TG836P0GZ79TTG0H44E12V,2025-11-11T22:34:56.891774141Z,01K9TG8370531XP7CM1VPEH59N,2025-11-11T22:34:56.891774141Z,01K9TGGKH3RZNNHKBW34D0VAVW,2025-11-11T22:34:56.891774141Z,01K9TGMA4Z9MQARMEXBRY5H970,2025-11-11T22:34:56.891774141Z,01K9TGMA8QPZP64D2PXHZD2YVA,2025-11-11T22:34:56.891774141Z,true,2025-11-11T22:34:58.528289301Z
01K9TFH0RG84QXY9K01JZKV0JJ,01K9TE9T6GRQ5KWPW9N4YQG3VB,2025-11-11T22:10:34.896725982Z,01K9TE9T75JFGS09NGQYAMHPA6,2025-11-11T22:10:34.896725982Z,01K9TF6B432JB2S4GXCA1X1A8D,2025-11-11T22:10:34.896725982Z,01K9TFE5AVHDMA5704XATM570S,2025-11-11T22:10:34.896725982Z,01K9TFE5FPJB45NZDNSE0YFEVY,2025-11-11T22:10:34.896725982Z,true,2025-11-11T22:10:36.377425738Z
01K9TGQ7B3TSDE1C8B93TF51ZN,01K9TG6EXGBQ4G6XZ3R8J93D2N,2025-11-11T22:31:26.819106734Z,01K9TG6EXX8QH6HVK7KKMCEBA2,2025-11-11T22:31:26.819106734Z,01K9TG7YYY4ZBCWC5KXYY0TVH7,2025-11-11T22:31:26.819106734Z,01K9TGE95E94ZEKZD23TRVWN2T,2025-11-11T22:31:26.819106734Z,01K9TGE9D594KGD1CWQZ1N4968,2025-11-11T22:31:26.819106734Z,true,2025-11-11T22:31:28.478632851Z
01K9TKTYVAGMZA9YVFTKP5KT8G,01K9TKHWPQ1CHEHQDB7EFMGZ28,2025-11-11T23:25:54.922879132Z,01K9TKHWQ56744C1WB3KR2S98C,2025-11-11T23:25:54.922879132Z,01K9TKQNK6BGH083BS225HDXX4,2025-11-11T23:25:54.922879132Z,01K9TKSD4R0JQWFFN7WQ57XYYY,2025-11-11T23:25:54.922879132Z,01K9TKSDA1QZKSJT2E0B29Q1BZ,2025-11-11T23:25:54.922879132Z,true,2025-11-11T23:25:55.622426585Z
01K9TFGNDRT13E6K2GTZ76YK1S,01K9TE9T6GRQ5KWPW9N4YQG3VB,2025-11-11T22:10:23.288102817Z,01K9TE9T75JFGS09NGQYAMHPA6,2025-11-11T22:10:23.288102817Z,01K9TFD8YPZ9SMW3BFYATD0C3Y,2025-11-11T22:10:23.288102817Z,01K9TFE5AW4GN01A5ZJMB7A31A,2025-11-11T22:10:23.288102817Z,01K9TFE5EPQFGYSS02VAVV2ZNP,2025-11-11T22:10:23.288102817Z,true,2025-11-11T22:10:25.104297337Z
01K9TKV0RHPY525XRSEJM687QF,01K9TKHWPQ1CHEHQDB7EFMGZ28,2025-11-11T23:25:56.881588568Z,01K9TKHWQ56744C1WB3KR2S98C,2025-11-11T23:25:56.881588568Z,01K9TKK4NBAYWV8NPZGBH70SCA,2025-11-11T23:25:56.881588568Z,01K9TKSD4R0JQWFFN7W7Z5TYWK,2025-11-11T23:25:56.881588568Z,01K9TKSDAKW6Q97WF6VY5E4VDS,2025-11-11T23:25:56.881588568Z,true,2025-11-11T23:25:57.700254778Z
01K9TGYY9EF81EBR3BC9921RSM,01K9TG836P0GZ79TTG0H44E12V,2025-11-11T22:35:39.694291618Z,01K9TG8370531XP7CM1VPEH59N,2025-11-11T22:35:39.694291618Z,01K9TGGKH3RZNNHKBW34D0VAVW,2025-11-11T22:35:39.694291618Z,01K9TGMA4YRTX1CB3XWKQHV0F6,2025-11-11T22:35:39.694291618Z,01K9TGMA9F9WWY6KD6JDDXCAFS,2025-11-11T22:35:39.694291618Z,true,2025-11-11T22:35:41.522697827Z
01K9TKENZZN9GK2T7EG476KSNQ,01K9THEXEQ7CHCVV4RW5S1TPVJ,2025-11-11T23:19:12.639832773Z,01K9THEXF5K25GF7E1BF0H3VE3,2025-11-11T23:19:12.639832773Z,01K9TK4NDHZWVR3YP5F8QC9TTB,2025-11-11T23:19:12.639832773Z,01K9TK4Q9B42RC6PM2BPCADA6C,2025-11-11T23:19:12.639832773Z,01K9TK4QCWBECQCX2Z88SJFMAV,2025-11-11T23:19:12.639832773Z,true,2025-11-11T23:19:28.98468641Z
01K9TGKEENQ59WQJHJ8HW8W65X,01K9TG6EXGBQ4G6XZ3R8J93D2N,2025-11-11T22:29:23.029686663Z,01K9TG6EXX8QH6HVK7KKMCEBA2,2025-11-11T22:29:23.029686663Z,01K9TG7YYY4ZBCWC5KXYY0TVH7,2025-11-11T22:29:23.029686663Z,01K9TGE95PTGDR7QAVZXY8WJJ0,2025-11-11T22:29:23.029686663Z,01K9TGE97W89N3X9ESW8WTERAW,2025-11-11T22:29:23.029686663Z,true,2025-11-11T22:29:25.479753293Z
01K9TGXAWGV9MQ0WMAHQJG8MXM,01K9TG836P0GZ79TTG0H44E12V,2025-11-11T22:34:47.056931369Z,01K9TG8370531XP7CM1VPEH59N,2025-11-11T22:34:47.056931369Z,01K9TGGPCVJQM3MBG61HJ65C1A,2025-11-11T22:34:47.056931369Z,01K9TGMA4Z9MQARMEXBRY5H970,2025-11-11T22:34:47.056931369Z,01K9TGMA8PJQFES27ZCJNDH7G4,2025-11-11T22:34:47.056931369Z,true,2025-11-11T22:34:48.976990543Z
01K9TKGGB33JK8T42E0EQ0QYNX,01K9THEXEQ7CHCVV4RW5S1TPVJ,2025-11-11T23:20:12.38712925Z,01K9THEXF5K25GF7E1BF0H3VE3,2025-11-11T23:20:12.38712925Z,01K9TK4NDHZWVR3YP5F8QC9TTB,2025-11-11T23:20:12.38712925Z,01K9TK4Q9A3QVYJRYMH72BQ6JG,2025-11-11T23:20:12.38712925Z,01K9TK4QEC16JX45PVWJ55SPD9,2025-11-11T23:20:12.38712925Z,true,2025-11-11T23:20:13.974262061Z
01K9TFG1JKB62YHTPZM21FA0V0,01K9TE9T6GRQ5KWPW9N4YQG3VB,2025-11-11T22:10:02.963406323Z,01K9TE9T75JFGS09NGQYAMHPA6,2025-11-11T22:10:02.963406323Z,01K9TF6B432JB2S4GXCA1X1A8D,2025-11-11T22:10:02.963406323Z,01K9TFE5AZVKDZCPYNZ3N97SXC,2025-11-11T22:10:02.963406323Z,01K9TFE5D9BS3SJTBEEYXJG36M,2025-11-11T22:10:02.963406323Z,true,2025-11-11T22:10:05.2111166Z
01K9TGJDEQPC3WNG666WE3H056,01K9TG6EXGBQ4G6XZ3R8J93D2N,2025-11-11T22:28:49.239876825Z,01K9TG6EXX8QH6HVK7KKMCEBA2,2025-11-11T22:28:49.239876825Z,01K9TGBZBBN2VNM7XM1NFZDYSF,2025-11-11T22:28:49.239876825Z,01K9TGE959AXZTXPXV3CQY4XZC,2025-11-11T22:28:49.239876825Z,01K9TGE96ADGBVEZ4HTENX6RRZ,2025-11-11T22:28:49.239876825Z,true,2025-11-11T22:28:55.853874657Z
01K9TGVG43VQ45D72ZXF3XA6JG,01K9TG836P0GZ79TTG0H44E12V,2025-11-11T22:33:46.88398566Z,01K9TG8370531XP7CM1VPEH59N,2025-11-11T22:33:46.88398566Z,01K9TGGKH3RZNNHKBW34D0VAVW,2025-11-11T22:33:46.88398566Z,01K9TGMA502KKF27JY9856VXT9,2025-11-11T22:33:46.88398566Z,01K9TGMA8A3QTTRE1KDKYW5YFB,2025-11-11T22:33:46.88398566Z,true,2025-11-11T22:33:50.734683399Z
01K9TGZ5TNE00ZP4Z4EER96ADW,01K9TG836P0GZ79TTG0H44E12V,2025-11-11T22:35:47.41381929Z,01K9TG8370531XP7CM1VPEH59N,2025-11-11T22:35:47.41381929Z,01K9TGGPCVJQM3MBG61HJ65C1A,2025-11-11T22:35:47.41381929Z,01K9TGMA4X601EMW9647JQ41X6,2025-11-11T22:35:47.41381929Z,01K9TGMAA9GN5NGXAFYYWRMR3E,2025-11-11T22:35:47.41381929Z,true,2025-11-11T22:35:49.063923458Z
01K9TKF61ANGGQQ62TWVPD47GD,01K9THEXEQ7CHCVV4RW5S1TPVJ,2025-11-11T23:19:29.066741388Z,01K9THEXF5K25GF7E1BF0H3VE3,2025-11-11T23:19:29.066741388Z,01K9TK0BPW384MW0TTYHAFJAGS,2025-11-11T23:19:29.066741388Z,01K9TK4Q9A3QVYJRYMHNV4BNTY,2025-11-11T23:19:29.066741388Z,01K9TK4QD93DC2HGZCAZNA5F75,2025-11-11T23:19:29.066741388Z,true,2025-11-11T23:19:45.079354962Z
01K9TFFC31VEBMB1N6JVK2GRFN,01K9TE9T6GRQ5KWPW9N4YQG3VB,2025-11-11T22:09:40.961819266Z,01K9TE9T75JFGS09NGQYAMHPA6,2025-11-11T22:09:40.961819266Z,01K9TF6B432JB2S4GXCA1X1A8D,2025-11-11T22:09:40.961819266Z,01K9TFE5APXVX1ZA58BHC2M9N4,2025-11-11T22:09:40.961819266Z,01K9TFE5C792MN8DZBKHX0G5A1,2025-11-11T22:09:40.961819266Z,true,2025-11-11T22:09:44.963190382Z
01K9TGEA25RHBNYWGX12MY888K,01K9TG6EXGBQ4G6XZ3R8J93D2N,2025-11-11T22:26:34.693655206Z,01K9TG6EXX8QH6HVK7KKMCEBA2,2025-11-11T22:26:34.693655206Z,01K9TGBZBBN2VNM7XM1NFZDYSF,2025-11-11T22:26:34.693655206Z,01K9TGE959AXZTXPXV3CQY4XZC,2025-11-11T22:26:34.693655206Z,01K9TGE96ADGBVEZ4HSTZK03TQ,2025-11-11T22:26:34.693655206Z,true,2025-11-11T22:28:49.209918057Z
01K9TFH6YG096HQ99A3RAB77RG,01K9TE9T6GRQ5KWPW9N4YQG3VB,2025-11-11T22:10:41.232294215Z,01K9TE9T75JFGS09NGQYAMHPA6,2025-11-11T22:10:41.232294215Z,01K9TFD8YPZ9SMW3BFYATD0C3Y,2025-11-11T22:10:41.232294215Z,01K9TFE5AR7VP2MYEA0GYCZV21,2025-11-11T22:10:41.232294215Z,01K9TFE5GSHXA7KZ9FH3XCS0FN,2025-11-11T22:10:41.232294215Z,true,2025-11-11T22:10:43.505341109Z
01K9TKC4CE59D7TQZNAJMQM2V0,01K9THEXEQ7CHCVV4RW5S1TPVJ,2025-11-11T23:17:49.070974648Z,01K9THEXF5K25GF7E1BF0H3VE3,2025-11-11T23:17:49.070974648Z,01K9TK0BPW384MW0TTYHAFJAGS,2025-11-11T23:17:49.070974648Z,01K9TK4Q92RHQ9XCRXQX7ZK3NJ,2025-11-11T23:17:49.070974648Z,01K9TK4QB2JSRMKK153A8NNTXP,2025-11-11T23:17:49.070974648Z,true,2025-11-11T23:17:54.075510507Z
01K9TKTH3ECP6GZ9JZZG031D8M,01K9TKHWPQ1CHEHQDB7EFMGZ28,2025-11-11T23:25:40.846342046Z,01K9TKHWQ56744C1WB3KR2S98C,2025-11-11T23:25:40.846342046Z,01K9TKK4NBAYWV8NPZGBH70SCA,2025-11-11T23:25:40.846342046Z,01K9TKSD4MPZHVQ4TYT6EEEJ3G,2025-11-11T23:25:40.846342046Z,01K9TKSD7D43C00G29XVWDPCMV,2025-11-11T23:25:40.846342046Z,true,2025-11-11T23:25:41.867117859Z
01K9TKTSS5QSGZ7HGFQ459MF9B,01K9TKHWPQ1CHEHQDB7EFMGZ28,2025-11-11T23:25:49.733439726Z,01K9TKHWQ56744C1WB3KR2S98C,2025-11-11T23:25:49.733439726Z,01K9TKK4NBAYWV8NPZGBH70SCA,2025-11-11T23:25:49.733439726Z,01K9TKSD4K21VP11X04TQB77K1,2025-11-11T23:25:49.733439726Z,01K9TKSD83TXRZ1TWMBKQ44HKC,2025-11-11T23:25:49.733439726Z,true,2025-11-11T23:25:50.706370095Z
01K9TFFG1W7R2BMTKFXT74B0FJ,01K9TE9T6GRQ5KWPW9N4YQG3VB,2025-11-11T22:09:45.020533461Z,01K9TE9T75JFGS09NGQYAMHPA6,2025-11-11T22:09:45.020533461Z,01K9TFD8YPZ9SMW3BFYATD0C3Y,2025-11-11T22:09:45.020533461Z,01K9TFE5AY8V27C3FQG1XKA2XH,2025-11-11T22:09:45.020533461Z,01K9TFE5CS9KV5759RB2SHS572,2025-11-11T22:09:45.020533461Z,true,2025-11-11T22:09:50.689333734Z
01K9TFGY6X1F842PWZCHX3GJFC,01K9TE9T6GRQ5KWPW9N4YQG3VB,2025-11-11T22:10:32.285555779Z,01K9TE9T75JFGS09NGQYAMHPA6,2025-11-11T22:10:32.285555779Z,01K9TFD8YPZ9SMW3BFYATD0C3Y,2025-11-11T22:10:32.285555779Z,01K9TFE5AVHDMA5704XATM570S,2025-11-11T22:10:32.285555779Z,01K9TFE5FPJB45NZDNRYFVZ80E,2025-11-11T22:10:32.285555779Z,true,2025-11-11T22:10:34.866646466Z
01K9TGZ0SDG6HYBWP11F07D147,01K9TG836P0GZ79TTG0H44E12V,2025-11-11T22:35:42.25367758Z,01K9TG8370531XP7CM1VPEH59N,2025-11-11T22:35:42.25367758Z,01K9TGGKH3RZNNHKBW34D0VAVW,2025-11-11T22:35:42.25367758Z,01K9TGMA4YRTX1CB3XW5PQC1GB,2025-11-11T22:35:42.25367758Z,01K9TGMA9XJECNEH0NKK2Y3PYE,2025-11-11T22:35:42.25367758Z,true,2025-11-11T22:35:43.601984867Z
01K9TKC9B0B069G5HH3CR9F9RR,01K9THEXEQ7CHCVV4RW5S1TPVJ,2025-11-11T23:17:54.144885006Z,01K9THEXF5K25GF7E1BF0H3VE3,2025-11-11T23:17:54.144885006Z,01K9TK0BPW384MW0TTYHAFJAGS,2025-11-11T23:17:54.144885006Z,01K9TK4Q8XVP701GFCQAGBA6XA,2025-11-11T23:17:54.144885006Z,01K9TK4QBG8BZBEZGCD696JF8W,2025-11-11T23:17:54.144885006Z,true,2025-11-11T23:18:11.747104916Z
01K9TKEEVS6T295KSQ25FKRH44,01K9THEXEQ7CHCVV4RW5S1TPVJ,2025-11-11T23:19:05.337171208Z,01K9THEXF5K25GF7E1BF0H3VE3,2025-11-11T23:19:05.337171208Z,01K9TK4NDHZWVR3YP5F8QC9TTB,2025-11-11T23:19:05.337171208Z,01K9TK4Q9B42RC6PM2BPCADA6C,2025-11-11T23:19:05.337171208Z,01K9TK4QCWBECQCX2Z7D17C3R4,2025-11-11T23:19:05.337171208Z,true,2025-11-11T23:19:06.220692141Z
01K9TKV6NB76XDJ9148THXJM23,01K9TKHWPQ1CHEHQDB7EFMGZ28,2025-11-11T23:26:02.923266724Z,01K9TKHWQ56744C1WB3KR2S98C,2025-11-11T23:26:02.923266724Z,01K9TKQNK6BGH083BS225HDXX4,2025-11-11T23:26:02.923266724Z,01K9TKSD4HFVA9PSW86GZ086VZ,2025-11-11T23:26:02.923266724Z,01K9TKSDCJJV7YNZF3N87Y6JZN,2025-11-11T23:26:02.923266724Z,true,2025-11-11T23:26:03.670426323Z
01K9TGKAQVVTV9WP9ZVQY8A2X0,01K9TG6EXGBQ4G6XZ3R8J93D2N,2025-11-11T22:29:19.227434349Z,01K9TG6EXX8QH6HVK7KKMCEBA2,2025-11-11T22:29:19.227434349Z,01K9TGBZBBN2VNM7XM1NFZDYSF,2025-11-11T22:29:19.227434349Z,01K9TGE95TZYN3K8FV3BD393P8,2025-11-11T22:29:19.227434349Z,01K9TGE97CCBC26ZAZGR2QPN1T,2025-11-11T22:29:19.227434349Z,true,2025-11-11T22:29:22.112605496Z
01K9TGN511E5KW34VQ9ZBA595X,01K9TG6EXGBQ4G6XZ3R8J93D2N,2025-11-11T22:30:18.914022524Z,01K9TG6EXX8QH6HVK7KKMCEBA2,2025-11-11T22:30:18.914022524Z,01K9TGBZBBN2VNM7XM1NFZDYSF,2025-11-11T22:30:18.914022524Z,01K9TGE95GCTZ256T5N3SQW9GM,2025-11-11T22:30:18.914022524Z,01K9TGE9A2N9TRFTZM9YGT403W,2025-11-11T22:30:18.914022524Z,true,2025-11-11T22:30:23.103211228Z
01K9TGX2BJQYKADPPZBQ95YKD0,01K9TG836P0GZ79TTG0H44E12V,2025-11-11T22:34:38.323034499Z,01K9TG8370531XP7CM1VPEH59N,2025-11-11T22:34:38.323034499Z,01K9TGGPCVJQM3MBG61HJ65C1A,2025-11-11T22:34:38.323034499Z,01K9TGMA502KKF27JY9856VXT9,2025-11-11T22:34:38.323034499Z,01K9TGMA8BASZX9SD47RVHKK5S,2025-11-11T22:34:38.323034499Z,true,2025-11-11T22:34:46.986213865Z
01K9TGZ5TPYYKMZSVEDP4C82FX,01K9TG836P0GZ79TTG0H44E12V,2025-11-11T22:35:47.414554065Z,01K9TG8370531XP7CM1VPEH59N,2025-11-11T22:35:47.414554065Z,01K9TGGKH3RZNNHKBW34D0VAVW,2025-11-11T22:35:47.414554065Z,01K9TGMA4X601EMW9647JQ41X6,2025-11-11T22:35:47.414554065Z,01K9TGMAA9GN5NGXAFYYWRMR3E,2025-11-11T22:35:47.414554065Z,true,2025-11-11T22:35:48.275812179Z
01K9TKSE444HJHMV59B47WDGT2,01K9TKHWPQ1CHEHQDB7EFMGZ28,2025-11-11T23:25:05.028125854Z,01K9TKHWQ56744C1WB3KR2S98C,2025-11-11T23:25:05.028125854Z,01K9TKK4NBAYWV8NPZGBH70SCA,2025-11-11T23:25:05.028125854Z,01K9TKSD4DTPTKV3T447J8DQ4T,2025-11-11T23:25:05.028125854Z,01K9TKSD5J52CQSWPF67YT54JM,2025-11-11T23:25:05.028125854Z,true,2025-11-11T23:25:08.37814098Z
01K9TKT6GC85S623TT4B7RGNBZ,01K9TKHWPQ1CHEHQDB7EFMGZ28,2025-11-11T23:25:29.996272392Z,01K9TKHWQ56744C1WB3KR2S98C,2025-11-11T23:25:29.996272392Z,01K9TKK4NBAYWV8NPZGBH70SCA,2025-11-11T23:25:29.996272392Z,01K9TKSD4JQR16AFAMWKEXHF94,2025-11-11T23:25:29.996272392Z,01K9TKSD6EFW9YD21TYK4D8Q9E,2025-11-11T23:25:29.996272392Z,true,2025-11-11T23:25:32.911125963Z
01K9TKTR52EFP75C9YW5BH8MWA,01K9TKHWPQ1CHEHQDB7EFMGZ28,2025-11-11T23:25:48.066522334Z,01K9TKHWQ56744C1WB3KR2S98C,2025-11-11T23:25:48.066522334Z,01K9TKK4NBAYWV8NPZGBH70SCA,2025-11-11T23:25:48.066522334Z,01K9TKSD4K21VP11X04TQB77K1,2025-11-11T23:25:48.066522334Z,01K9TKSD82MVPZJYDE2ESNB65F,2025-11-11T23:25:48.066522334Z,true,2025-11-11T23:25:48.955769625Z
01K9TKV1QGVF9BT5FVJFWP29JG,01K9TKHWPQ1CHEHQDB7EFMGZ28,2025-11-11T23:25:57.872246795Z,01K9TKHWQ56744C1WB3KR2S98C,2025-11-11T23:25:57.872246795Z,01K9TKQNK6BGH083BS225HDXX4,2025-11-11T23:25:57.872246795Z,01K9TKSD4Q838QWDGNNDP2D7W3,2025-11-11T23:25:57.872246795Z,01K9TKSDAZHNXNYB3RP8AB08Z9,2025-11-11T23:25:57.872246795Z,true,2025-11-11T23:25:58.677093896Z
01K9TFGC3R74WN68FNYB1MNDZZ,01K9TE9T6GRQ5KWPW9N4YQG3VB,2025-11-11T22:10:13.752955949Z,01K9TE9T75JFGS09NGQYAMHPA6,2025-11-11T22:10:13.752955949Z,01K9TFD8YPZ9SMW3BFYATD0C3Y,2025-11-11T22:10:13.752955949Z,01K9TFE5AXCV451BQCYG9CNGS5,2025-11-11T22:10:13.752955949Z,01K9TFE5E9EAW90RQXJS9Z05NE,2025-11-11T22:10:13.752955949Z,true,2025-11-11T22:10:16.863632095Z
01K9TGV3AQ5H916ZMEJSAYY3WE,01K9TG836P0GZ79TTG0H44E12V,2025-11-11T22:33:33.783051307Z,01K9TG8370531XP7CM1VPEH59N,2025-11-11T22:33:33.783051307Z,01K9TGGKH3RZNNHKBW34D0VAVW,2025-11-11T22:33:33.783051307Z,01K9TGMA51WM1FT5H4XQCPH7M4,2025-11-11T22:33:33.783051307Z,01K9TGMA7W61QRFW1CJWA6D8W5,2025-11-11T22:33:33.783051307Z,true,2025-11-11T22:33:39.662923529Z
01K9TGJM0AQ0NJPC6HRA621ZSN,01K9TG6EXGBQ4G6XZ3R8J93D2N,2025-11-11T22:28:55.94689844Z,01K9TG6EXX8QH6HVK7KKMCEBA2,2025-11-11T22:28:55.94689844Z,01K9TGBZBBN2VNM7XM1NFZDYSF,2025-11-11T22:28:55.94689844Z,01K9TGE95CE02K3TBKMJ95ZGJ2,2025-11-11T22:28:55.94689844Z,01K9TGE96YD66SXHFA7H5S83NC,2025-11-11T22:28:55.94689844Z,true,2025-11-11T22:29:03.03597497Z
01K9TGPFGJZ12WFEJE44CQGWHB,01K9TG6EXGBQ4G6XZ3R8J93D2N,2025-11-11T22:31:02.418769767Z,01K9TG6EXX8QH6HVK7KKMCEBA2,2025-11-11T22:31:02.418769767Z,01K9TG7YYY4ZBCWC5KXYY0TVH7,2025-11-11T22:31:02.418769767Z,01K9TGE95PTGDR7QAVZDS4EY5Z,2025-11-11T22:31:02.418769767Z,01K9TGE9BYBP96ZK0T1MY0P5ZE,2025-11-11T22:31:02.418769767Z,true,2025-11-11T22:31:03.43329311Z
01K9TFE5XAA3BC7FWTMBK838C9,01K9TE9T6GRQ5KWPW9N4YQG3VB,2025-11-11T22:09:01.866477536Z,01K9TE9T75JFGS09NGQYAMHPA6,2025-11-11T22:09:01.866477536Z,01K9TFD8YPZ9SMW3BFYATD0C3Y,2025-11-11T22:09:01.866477536Z,01K9TFE5AJYTJ90KNXHC4QWS9W,2025-11-11T22:09:01.866477536Z,01K9TFE5BNMBK6596AQZDJ1CDR,2025-11-11T22:09:01.866477536Z,true,2025-11-11T22:09:25.342660093Z
01K9TFHARC6KHKFG2YRMY04VK7,01K9TE9T6GRQ5KWPW9N4YQG3VB,2025-11-11T22:10:45.132836489Z,01K9TE9T75JFGS09NGQYAMHPA6,2025-11-11T22:10:45.132836489Z,01K9TF6B432JB2S4GXCA1X1A8D,2025-11-11T22:10:45.132836489Z,01K9TFE5AY8V27C3FQFK4M8FAK,2025-11-11T22:10:45.132836489Z,01K9TFE5J4PBJXGAD7V2QTZKPH,2025-11-11T22:10:45.132836489Z,true,2025-11-11T22:10:46.312014753Z
01K9TKH3YDT341FRXAM98NHWF1,01K9THEXEQ7CHCVV4RW5S1TPVJ,2025-11-11T23:20:32.461130634Z,01K9THEXF5K25GF7E1BF0H3VE3,2025-11-11T23:20:32.461130634Z,01K9TK4NDHZWVR3YP5F8QC9TTB,2025-11-11T23:20:32.461130634Z,01K9TK4Q946BQG8W4TG8THRRWM,2025-11-11T23:20:32.461130634Z,01K9TK4QFZ2KT9BZ1R896TBEA0,2025-11-11T23:20:32.461130634Z,true,2025-11-11T23:20:38.087804707Z
01K9TGPAX5T1YPXWD4RAP4R14R,01K9TG6EXGBQ4G6XZ3R8J93D2N,2025-11-11T22:30:57.70116345Z,01K9TG6EXX8QH6HVK7KKMCEBA2,2025-11-11T22:30:57.70116345Z,01K9TG7YYY4ZBCWC5KXYY0TVH7,2025-11-11T22:30:57.70116345Z,01K9TGE95KNP2XPZSGTYS1D5E4,2025-11-11T22:30:57.70116345Z,01K9TGE9BAABP5N56ADJ1G7EDF,2025-11-11T22:30:57.70116345Z,true,2025-11-11T22:30:59.811700118Z
01K9TGXVF2P1TXZDCJGA5JZQNV,01K9TG836P0GZ79TTG0H44E12V,2025-11-11T22:35:04.034224427Z,01K9TG8370531XP7CM1VPEH59N,2025-11-11T22:35:04.034224427Z,01K9TGGKH3RZNNHKBW34D0VAVW,2025-11-11T22:35:04.034224427Z,01K9TGMA4YRTX1CB3XWKQHV0F6,2025-11-11T22:35:04.034224427Z,01K9TGMA9EQEPNWW8AB2FJYV0J,2025-11-11T22:35:04.034224427Z,true,2025-11-11T22:35:09.191075601Z
01K9TGZHG8MT87BMPY4MN1M68E,01K9TG836P0GZ79TTG0H44E12V,2025-11-11T22:35:59.368303697Z,01K9TG8370531XP7CM1VPEH59N,2025-11-11T22:35:59.368303697Z,01K9TGGKH3RZNNHKBW34D0VAVW,2025-11-11T22:35:59.368303697Z,01K9TGMA4TG6Z70H84KV7ER18B,2025-11-11T22:35:59.368303697Z,01K9TGMABEXKXF3TZH0W08PKCW,2025-11-11T22:35:59.368303697Z,true,2025-11-11T22:36:00.268333332Z
01K9TKV3AW2X8HNX3HMH3VFDGF,01K9TKHWPQ1CHEHQDB7EFMGZ28,2025-11-11T23:25:59.516752958Z,01K9TKHWQ56744C1WB3KR2S98C,2025-11-11T23:25:59.516752958Z,01K9TKQNK6BGH083BS225HDXX4,2025-11-11T23:25:59.516752958Z,01K9TKSD4Q838QWDGNMXFST2R1,2025-11-11T23:25:59.516752958Z,01K9TKSDBK0DYFHA5FQS51SZSB,2025-11-11T23:25:59.516752958Z,true,2025-11-11T23:26:00.22561378Z
01K9TFF0D2T7BRXET0QVP14XVH,01K9TE9T6GRQ5KWPW9N4YQG3VB,2025-11-11T22:09:28.99420819Z,01K9TE9T75JFGS09NGQYAMHPA6,2025-11-11T22:09:28.99420819Z,01K9TF6B432JB2S4GXCA1X1A8D,2025-11-11T22:09:28.99420819Z,01K9TFE5APXVX1ZA58BHC2M9N4,2025-11-11T22:09:28.99420819Z,01K9TFE5C792MN8DZBK2HBG4MK,2025-11-11T22:09:28.99420819Z,true,2025-11-11T22:09:32.462482641Z
01K9TGZ7F183YMH74QHGQ4T50W,01K9TG836P0GZ79TTG0H44E12V,2025-11-11T22:35:49.089885971Z,01K9TG8370531XP7CM1VPEH59N,2025-11-11T22:35:49.089885971Z,01K9TGGKH3RZNNHKBW34D0VAVW,2025-11-11T22:35:49.089885971Z,01K9TGMA4X601EMW9647JQ41X6,2025-11-11T22:35:49.089885971Z,01K9TGMAAAW12WQ8Y2QSJ8F5YW,2025-11-11T22:35:49.089885971Z,true,2025-11-11T22:35:50.980864291Z
01K9TK9WQWC68EXYZ58DVHJ720,01K9THEXEQ7CHCVV4RW5S1TPVJ,2025-11-11T23:16:35.708875359Z,01K9THEXF5K25GF7E1BF0H3VE3,2025-11-11T23:16:35.708875359Z,01K9TK4NDHZWVR3YP5F8QC9TTB,2025-11-11T23:16:35.708875359Z,01K9TK4Q8VYH1J4FFGCP3S064V,2025-11-11T23:16:35.708875359Z,01K9TK4QAKD7RVXH4Z8YFGKXDP,2025-11-11T23:16:35.708875359Z,true,2025-11-11T23:16:37.254578855Z
01K9TKBFPGT6KDKX2ESNZZDDJE,01K9THEXEQ7CHCVV4RW5S1TPVJ,2025-11-11T23:17:27.889006854Z,01K9THEXF5K25GF7E1BF0H3VE3,2025-11-11T23:17:27.889006854Z,01K9TK4NDHZWVR3YP5F8QC9TTB,2025-11-11T23:17:27.889006854Z,01K9TK4Q8VYH1J4FFGCP3S064V,2025-11-11T23:17:27.889006854Z,01K9TK4QAKD7RVXH4Z9EEDDG96,2025-11-11T23:17:27.889006854Z,true,2025-11-11T23:17:30.47727338Z
01K9TKDMFDFC722EASAHMR1NHX,01K9THEXEQ7CHCVV4RW5S1TPVJ,2025-11-11T23:18:38.317383877Z,01K9THEXF5K25GF7E1BF0H3VE3,2025-11-11T23:18:38.317383877Z,01K9TK0BPW384MW0TTYHAFJAGS,2025-11-11T23:18:38.317383877Z,01K9TK4Q9B42RC6PM2C4MZ9374,2025-11-11T23:18:38.317383877Z,01K9TK4QCEWBHW75YBCVD4HJ54,2025-11-11T23:18:38.317383877Z,true,2025-11-11T23:18:57.667433498Z
01K9TFGQ85HNMCZAD0ZQ005QB2,01K9TE9T6GRQ5KWPW9N4YQG3VB,2025-11-11T22:10:25.157044846Z,01K9TE9T75JFGS09NGQYAMHPA6,2025-11-11T22:10:25.157044846Z,01K9TFD8YPZ9SMW3BFYATD0C3Y,2025-11-11T22:10:25.157044846Z,01K9TFE5AXCV451BQCZ0W1V8RR,2025-11-11T22:10:25.157044846Z,01K9TFE5F2ZXHXNPGC4GAM0E1J,2025-11-11T22:10:25.157044846Z,true,2025-11-11T22:10:30.024982656Z
01K9TGKEEQX80W25VYNZ8GJX8J,01K9TG6EXGBQ4G6XZ3R8J93D2N,2025-11-11T22:29:23.031172454Z,01K9TG6EXX8QH6HVK7KKMCEBA2,2025-11-11T22:29:23.031172454Z,01K9TGBZBBN2VNM7XM1NFZDYSF,2025-11-11T22:29:23.031172454Z,01K9TGE95PTGDR7QAVZXY8WJJ0,2025-11-11T22:29:23.031172454Z,01K9TGE97W89N3X9ESW8WTERAW,2025-11-11T22:29:23.031172454Z,true,2025-11-11T22:29:51.551153572Z
01K9TFGH6V0K3GJ4B4YX1ZQXTF,01K9TE9T6GRQ5KWPW9N4YQG3VB,2025-11-11T22:10:18.971791907Z,01K9TE9T75JFGS09NGQYAMHPA6,2025-11-11T22:10:18.971791907Z,01K9TF6B432JB2S4GXCA1X1A8D,2025-11-11T22:10:18.971791907Z,01K9TFE5AW4GN01A5ZJMB7A31A,2025-11-11T22:10:18.971791907Z,01K9TFE5EPQFGYSS02TK9RQ1SF,2025-11-11T22:10:18.971791907Z,true,2025-11-11T22:10:20.04579535Z
01K9TKHFK1E7TXN4WSEGDV8P07,01K9THEXEQ7CHCVV4RW5S1TPVJ,2025-11-11T23:20:44.385991761Z,01K9THEXF5K25GF7E1BF0H3VE3,2025-11-11T23:20:44.385991761Z,01K9TK0BPW384MW0TTYHAFJAGS,2025-11-11T23:20:44.385991761Z,01K9TK4Q91SS22TEFNVJ22QER1,2025-11-11T23:20:44.385991761Z,01K9TK4QGGJXXR8GPTPX1FF54N,2025-11-11T23:20:44.385991761Z,true,2025-11-11T23:20:48.431812748Z
01K9TFEWVWBBRDQK2BBQVMAQ2C,01K9TE9T6GRQ5KWPW9N4YQG3VB,2025-11-11T22:09:25.372773103Z,01K9TE9T75JFGS09NGQYAMHPA6,2025-11-11T22:09:25.372773103Z,01K9TF6B432JB2S4GXCA1X1A8D,2025-11-11T22:09:25.372773103Z,01K9TFE5AJYTJ90KNXHC4QWS9W,2025-11-11T22:09:25.372773103Z,01K9TFE5BNMBK6596ARQZBZYBF,2025-11-11T22:09:25.372773103Z,true,2025-11-11T22:09:28.248588165Z
01K9TKV0RJ7YXQNXHYFVWY4JWA,01K9TKHWPQ1CHEHQDB7EFMGZ28,2025-11-11T23:25:56.882919034Z,01K9TKHWQ56744C1WB3KR2S98C,2025-11-11T23:25:56.882919034Z,01K9TKQNK6BGH083BS225HDXX4,2025-11-11T23:25:56.882919034Z,01K9TKSD4R0JQWFFN7W7Z5TYWK,2025-11-11T23:25:56.882919034Z,01K9TKSDAKW6Q97WF6VY5E4VDS,2025-11-11T23:25:56.882919034Z,true,2025-11-11T23:25:57.802495363Z
01K9TKTBNCRFMWKFQ2W77XVA54,01K9TKHWPQ1CHEHQDB7EFMGZ28,2025-11-11T23:25:35.276638965Z,01K9TKHWQ56744C1WB3KR2S98C,2025-11-11T23:25:35.276638965Z,01K9TKK4NBAYWV8NPZGBH70SCA,2025-11-11T23:25:35.276638965Z,01K9TKSD4JQR16AFAMWKEXHF94,2025-11-11T23:25:35.276638965Z,01K9TKSD6F731DTH404MH3KMAV,2025-11-11T23:25:35.276638965Z,true,2025-11-11T23:25:36.925563763Z
01K9TKTSS71824GEMFYGGJZMV9,01K9TKHWPQ1CHEHQDB7EFMGZ28,2025-11-11T23:25:49.735459975Z,01K9TKHWQ56744C1WB3KR2S98C,2025-11-11T23:25:49.735459975Z,01K9TKQNK6BGH083BS225HDXX4,2025-11-11T23:25:49.735459975Z,01K9TKSD4K21VP11X04TQB77K1,2025-11-11T23:25:49.735459975Z,01K9TKSD83TXRZ1TWMBKQ44HKC,2025-11-11T23:25:49.735459975Z,true,2025-11-11T23:25:50.519415822Z
01K9TGN512QW4YW9ZSW851RYK8,01K9TG6EXGBQ4G6XZ3R8J93D2N,2025-11-11T22:30:18.914591238Z,01K9TG6EXX8QH6HVK7KKMCEBA2,2025-11-11T22:30:18.914591238Z,01K9TG7YYY4ZBCWC5KXYY0TVH7,2025-11-11T22:30:18.914591238Z,01K9TGE95GCTZ256T5N3SQW9GM,2025-11-11T22:30:18.914591238Z,01K9TGE9A2N9TRFTZM9YGT403W,2025-11-11T22:30:18.914591238Z,true,2025-11-11T22:30:20.724438161Z
01K9TFF0D68SM67EXQD9K16P47,01K9TE9T6GRQ5KWPW9N4YQG3VB,2025-11-11T22:09:28.998723291Z,01K9TE9T75JFGS09NGQYAMHPA6,2025-11-11T22:09:28.998723291Z,01K9TFD8YPZ9SMW3BFYATD0C3Y,2025-11-11T22:09:28.998723291Z,01K9TFE5APXVX1ZA58BHC2M9N4,2025-11-11T22:09:28.998723291Z,01K9TFE5C792MN8DZBK2HBG4MK,2025-11-11T22:09:28.998723291Z,true,2025-11-11T22:09:40.935518595Z
01K9TFH0RG84QXY9K018ERGFJW,01K9TE9T6GRQ5KWPW9N4YQG3VB,2025-11-11T22:10:34.896349764Z,01K9TE9T75JFGS09NGQYAMHPA6,2025-11-11T22:10:34.896349764Z,01K9TFD8YPZ9SMW3BFYATD0C3Y,2025-11-11T22:10:34.896349764Z,01K9TFE5AVHDMA5704XATM570S,2025-11-11T22:10:34.896349764Z,01K9TFE5FPJB45NZDNSE0YFEVY,2025-11-11T22:10:34.896349764Z,true,2025-11-11T22:10:36.402871095Z
01K9TKV7DKF7QS9MHWAXV07GCW,01K9TKHWPQ1CHEHQDB7EFMGZ28,2025-11-11T23:26:03.699684506Z,01K9TKHWQ56744C1WB3KR2S98C,2025-11-11T23:26:03.699684506Z,01K9TKK4NBAYWV8NPZGBH70SCA,2025-11-11T23:26:03.699684506Z,01K9TKSD4HFVA9PSW86GZ086VZ,2025-11-11T23:26:03.699684506Z,01K9TKSDCK2867M46FJ64NYG0X,2025-11-11T23:26:03.699684506Z,true,2025-11-11T23:26:04.410140721Z
01K9TKV95TJEQQEH8KDSVJSW95,01K9TKHWPQ1CHEHQDB7EFMGZ28,2025-11-11T23:26:05.498705774Z,01K9TKHWQ56744C1WB3KR2S98C,2025-11-11T23:26:05.498705774Z,01K9TKK4NBAYWV8NPZGBH70SCA,2025-11-11T23:26:05.498705774Z,01K9TKSD4NGMN4A7DPH9BC9HKR,2025-11-11T23:26:05.498705774Z,01K9TKSDD4V3BNEFNFYCTWPKRD,2025-11-11T23:26:05.498705774Z,true,2025-11-11T23:26:06.300182942Z
01K9TGXVF37BYYHW799EB1ENPT,01K9TG836P0GZ79TTG0H44E12V,2025-11-11T22:35:04.035417113Z,01K9TG8370531XP7CM1VPEH59N,2025-11-11T22:35:04.035417113Z,01K9TGGPCVJQM3MBG61HJ65C1A,2025-11-11T22:35:04.035417113Z,01K9TGMA4YRTX1CB3XWKQHV0F6,2025-11-11T22:35:04.035417113Z,01K9TGMA9EQEPNWW8AB2FJYV0J,2025-11-11T22:35:04.035417113Z,true,2025-11-11T22:35:39.666786223Z
01K9TGZE04XSJZXDJQ6DYXD4VN,01K9TG836P0GZ79TTG0H44E12V,2025-11-11T22:35:55.780534288Z,01K9TG8370531XP7CM1VPEH59N,2025-11-11T22:35:55.780534288Z,01K9TGGPCVJQM3MBG61HJ65C1A,2025-11-11T22:35:55.780534288Z,01K9TGMA4VG9WMXA9ECCASRFH8,2025-11-11T22:35:55.780534288Z,01K9TGMAB2MXSRV2N0W2TZQARD,2025-11-11T22:35:55.780534288Z,true,2025-11-11T22:35:57.188384831Z
01K9TGV0W6773YW86SE6X3VZQZ,01K9TG836P0GZ79TTG0H44E12V,2025-11-11T22:33:31.270418145Z,01K9TG8370531XP7CM1VPEH59N,2025-11-11T22:33:31.270418145Z,01K9TGGPCVJQM3MBG61HJ65C1A,2025-11-11T22:33:31.270418145Z,01K9TGMA52XBS9APGV64BGMJQ0,2025-11-11T22:33:31.270418145Z,01K9TGMA7D1QH9E9MN5GQ38MSX,2025-11-11T22:33:31.270418145Z,true,2025-11-11T22:33:33.729684208Z
01K9TGZB8EX3EYCYD9E8JYCPNP,01K9TG836P0GZ79TTG0H44E12V,2025-11-11T22:35:52.974332341Z,01K9TG8370531XP7CM1VPEH59N,2025-11-11T22:35:52.974332341Z,01K9TGGPCVJQM3MBG61HJ65C1A,2025-11-11T22:35:52.974332341Z,01K9TGMA4W5P644FDTK1K5MWZN,2025-11-11T22:35:52.974332341Z,01K9TGMAAPX1CD8PPG7GHAY134,2025-11-11T22:35:52.974332341Z,true,2025-11-11T22:35:54.426284102Z
01K9TKGPYKSBDBXM9P9ERG2ZR6,01K9THEXEQ7CHCVV4RW5S1TPVJ,2025-11-11T23:20:19.155186464Z,01K9THEXF5K25GF7E1BF0H3VE3,2025-11-11T23:20:19.155186464Z,01K9TK4NDHZWVR3YP5F8QC9TTB,2025-11-11T23:20:19.155186464Z,01K9TK4Q99N9EHWWPQ7PMC3Y1R,2025-11-11T23:20:19.155186464Z,01K9TK4QF1MRTNQCF9ZZXE6R9K,2025-11-11T23:20:19.155186464Z,true,2025-11-11T23:20:20.343986597Z
01K9TKV424PTJSDY0M2BG02G35,01K9TKHWPQ1CHEHQDB7EFMGZ28,2025-11-11T23:26:00.260970573Z,01K9TKHWQ56744C1WB3KR2S98C,2025-11-11T23:26:00.260970573Z,01K9TKK4NBAYWV8NPZGBH70SCA,2025-11-11T23:26:00.260970573Z,01K9TKSD4Q838QWDGNMXFST2R1,2025-11-11T23:26:00.260970573Z,01K9TKSDBM757S3MSH38GKXG6Z,2025-11-11T23:26:00.260970573Z,true,2025-11-11T23:26:00.853612471Z
01K9TFGNDRT13E6K2GVA7S24Q4,01K9TE9T6GRQ5KWPW9N4YQG3VB,2025-11-11T22:10:23.288448396Z,01K9TE9T75JFGS09NGQYAMHPA6,2025-11-11T22:10:23.288448396Z,01K9TF6B432JB2S4GXCA1X1A8D,2025-11-11T22:10:23.288448396Z,01K9TFE5AW4GN01A5ZJMB7A31A,2025-11-11T22:10:23.288448396Z,01K9TFE5EPQFGYSS02VAVV2ZNP,2025-11-11T22:10:23.288448396Z,true,2025-11-11T22:10:24.761272814Z
01K9TGMGSKNR5V48KXZ3R8CPFJ,01K9TG6EXGBQ4G6XZ3R8J93D2N,2025-11-11T22:29:58.195304915Z,01K9TG6EXX8QH6HVK7KKMCEBA2,2025-11-11T22:29:58.195304915Z,01K9TGBZBBN2VNM7XM1NFZDYSF,2025-11-11T22:29:58.195304915Z,01K9TGE95FS1V1B4EYHAQRBGA6,2025-11-11T22:29:58.195304915Z,01K9TGE98MM7H6DK0VG5HR9M4W,2025-11-11T22:29:58.195304915Z,true,2025-11-11T22:30:04.198224355Z
01K9TGX2BNVEAQP0TX319CQMX3,01K9TG836P0GZ79TTG0H44E12V,2025-11-11T22:34:38.325240735Z,01K9TG8370531XP7CM1VPEH59N,2025-11-11T22:34:38.325240735Z,01K9TGGKH3RZNNHKBW34D0VAVW,2025-11-11T22:34:38.325240735Z,01K9TGMA502KKF27JY9856VXT9,2025-11-11T22:34:38.325240735Z,01K9TGMA8BASZX9SD47RVHKK5S,2025-11-11T22:34:38.325240735Z,true,2025-11-11T22:34:42.503129996Z
01K9TKHFK0JWDMJN6N523HWYWY,01K9THEXEQ7CHCVV4RW5S1TPVJ,2025-11-11T23:20:44.384906287Z,01K9THEXF5K25GF7E1BF0H3VE3,2025-11-11T23:20:44.384906287Z,01K9TK4NDHZWVR3YP5F8QC9TTB,2025-11-11T23:20:44.384906287Z,01K9TK4Q91SS22TEFNVJ22QER1,2025-11-11T23:20:44.384906287Z,01K9TK4QGGJXXR8GPTPX1FF54N,2025-11-11T23:20:44.384906287Z,true,2025-11-11T23:20:45.622622317Z
01K9TKTFKP21TQ7WC7PGP00XGG,01K9TKHWPQ1CHEHQDB7EFMGZ28,2025-11-11T23:25:39.318627159Z,01K9TKHWQ56744C1WB3KR2S98C,2025-11-11T23:25:39.318627159Z,01K9TKQNK6BGH083BS225HDXX4,2025-11-11T23:25:39.318627159Z,01K9TKSD4MPZHVQ4TYTPSGSEPW,2025-11-11T23:25:39.318627159Z,01K9TKSD6ZAAJWV5HXBF3SJHPV,2025-11-11T23:25:39.318627159Z,true,2025-11-11T23:25:40.413150101Z
01K9TFFSE0PC74HVWSJP76MF26,01K9TE9T6GRQ5KWPW9N4YQG3VB,2025-11-11T22:09:54.624610911Z,01K9TE9T75JFGS09NGQYAMHPA6,2025-11-11T22:09:54.624610911Z,01K9TF6B432JB2S4GXCA1X1A8D,2025-11-11T22:09:54.624610911Z,01K9TFE5AZVKDZCPYNZ3N97SXC,2025-11-11T22:09:54.624610911Z,01K9TFE5D9BS3SJTBEE6T0DC3A,2025-11-11T22:09:54.624610911Z,true,2025-11-11T22:09:56.430212435Z
01K9TGVG45RCPFZHR4KVESWADZ,01K9TG836P0GZ79TTG0H44E12V,2025-11-11T22:33:46.885822184Z,01K9TG8370531XP7CM1VPEH59N,2025-11-11T22:33:46.885822184Z,01K9TGGPCVJQM3MBG61HJ65C1A,2025-11-11T22:33:46.885822184Z,01K9TGMA502KKF27JY9856VXT9,2025-11-11T22:33:46.885822184Z,01K9TGMA8A3QTTRE1KDKYW5YFB,2025-11-11T22:33:46.885822184Z,true,2025-11-11T22:34:38.289661471Z
01K9TGQ9XJX0KHPX5SFJ5W1W3Q,01K9TG6EXGBQ4G6XZ3R8J93D2N,2025-11-11T22:31:29.458318177Z,01K9TG6EXX8QH6HVK7KKMCEBA2,2025-11-11T22:31:29.458318177Z,01K9TGBZBBN2VNM7XM1NFZDYSF,2025-11-11T22:31:29.458318177Z,01K9TGE95KNP2XPZSGVBCDS945,2025-11-11T22:31:29.458318177Z,01K9TGE9DJRSPVV44CKAFF7PKK,2025-11-11T22:31:29.458318177Z,true,2025-11-11T22:31:30.941449258Z
01K9TKG6468EV2YQKRG4J8HK6F,01K9THEXEQ7CHCVV4RW5S1TPVJ,2025-11-11T23:20:01.926890819Z,01K9THEXF5K25GF7E1BF0H3VE3,2025-11-11T23:20:01.926890819Z,01K9TK0BPW384MW0TTYHAFJAGS,2025-11-11T23:20:01.926890819Z,01K9TK4Q9A3QVYJRYMH72BQ6JG,2025-11-11T23:20:01.926890819Z,01K9TK4QEA4JYFDMBQHWRSP9C8,2025-11-11T23:20:01.926890819Z,true,2025-11-11T23:20:12.353183969Z
01K9TKGTH0BKKD24GKXJQ3R43P,01K9THEXEQ7CHCVV4RW5S1TPVJ,2025-11-11T23:20:22.816888945Z,01K9THEXF5K25GF7E1BF0H3VE3,2025-11-11T23:20:22.816888945Z,01K9TK4NDHZWVR3YP5F8QC9TTB,2025-11-11T23:20:22.816888945Z,01K9TK4Q99N9EHWWPQ7PMC3Y1R,2025-11-11T23:20:22.816888945Z,01K9TK4QF3J8Z6ANX78124KKY2,2025-11-11T23:20:22.816888945Z,true,2025-11-11T23:20:25.915620009Z
01K9TFH29KAAGRP014X5KHBH29,01K9TE9T6GRQ5KWPW9N4YQG3VB,2025-11-11T22:10:36.467902328Z,01K9TE9T75JFGS09NGQYAMHPA6,2025-11-11T22:10:36.467902328Z,01K9TF6B432JB2S4GXCA1X1A8D,2025-11-11T22:10:36.467902328Z,01K9TFE5AT6K45GQK4SCHXAB74,2025-11-11T22:10:36.467902328Z,01K9TFE5G6JH6ES8C3SYQR1PYW,2025-11-11T22:10:36.467902328Z,true,2025-11-11T22:10:37.529085437Z
01K9TFHCEFWE465N36E3QYEYJV,01K9TE9T6GRQ5KWPW9N4YQG3VB,2025-11-11T22:10:46.863548173Z,01K9TE9T75JFGS09NGQYAMHPA6,2025-11-11T22:10:46.863548173Z,01K9TF6B432JB2S4GXCA1X1A8D,2025-11-11T22:10:46.863548173Z,01K9TFE5ASTVVMV20PHS99GGHC,2025-11-11T22:10:46.863548173Z,01K9TFE5JFYPNN703BFCMQCT91,2025-11-11T22:10:46.863548173Z,true,2025-11-11T22:10:47.702663874Z
01K9TKC4CH9BPRDWSBX72TPH4J,01K9THEXEQ7CHCVV4RW5S1TPVJ,2025-11-11T23:17:49.073371152Z,01K9THEXF5K25GF7E1BF0H3VE3,2025-11-11T23:17:49.073371152Z,01K9TK4NDHZWVR3YP5F8QC9TTB,2025-11-11T23:17:49.073371152Z,01K9TK4Q92RHQ9XCRXQX7ZK3NJ,2025-11-11T23:17:49.073371152Z,01K9TK4QB2JSRMKK153A8NNTXP,2025-11-11T23:17:49.073371152Z,true,2025-11-11T23:17:50.877553335Z
01K9TKDEGP8JB48PHJZ0TJJ00T,01K9THEXEQ7CHCVV4RW5S1TPVJ,2025-11-11T23:18:32.214486555Z,01K9THEXF5K25GF7E1BF0H3VE3,2025-11-11T23:18:32.214486555Z,01K9TK0BPW384MW0TTYHAFJAGS,2025-11-11T23:18:32.214486555Z,01K9TK4Q9CGHXAKV5SVTFAQVVB,2025-11-11T23:18:32.214486555Z,01K9TK4QC134FBRPH56SM3BNG1,2025-11-11T23:18:32.214486555Z,true,2025-11-11T23:18:38.240829175Z
01K9TKG647K4BKVB0HQCVTP6NB,01K9THEXEQ7CHCVV4RW5S1TPVJ,2025-11-11T23:20:01.927721326Z,01K9THEXF5K25GF7E1BF0H3VE3,2025-11-11T23:20:01.927721326Z,01K9TK4NDHZWVR3YP5F8QC9TTB,2025-11-11T23:20:01.927721326Z,01K9TK4Q9A3QVYJRYMH72BQ6JG,2025-11-11T23:20:01.927721326Z,01K9TK4QEA4JYFDMBQHWRSP9C8,2025-11-11T23:20:01.927721326Z,true,2025-11-11T23:20:02.969506558Z
01K9TKGYQHCJ0FGSFA5FGJKZKZ,01K9THEXEQ7CHCVV4RW5S1TPVJ,2025-11-11T23:20:27.121880184Z,01K9THEXF5K25GF7E1BF0H3VE3,2025-11-11T23:20:27.121880184Z,01K9TK4NDHZWVR3YP5F8QC9TTB,2025-11-11T23:20:27.121880184Z,01K9TK4Q946BQG8W4TG8THRRWM,2025-11-11T23:20:27.121880184Z,01K9TK4QFY32HDYVNDNF8DQAGN,2025-11-11T23:20:27.121880184Z,true,2025-11-11T23:20:28.017457571Z
01K9TKV8AVEY8KMXC52NYAY8XF,01K9TKHWPQ1CHEHQDB7EFMGZ28,2025-11-11T23:26:04.635269681Z,01K9TKHWQ56744C1WB3KR2S98C,2025-11-11T23:26:04.635269681Z,01K9TKQNK6BGH083BS225HDXX4,2025-11-11T23:26:04.635269681Z,01K9TKSD4NGMN4A7DPH9BC9HKR,2025-11-11T23:26:04.635269681Z,01K9TKSDD34FBQJFS8Q0SFMY9M,2025-11-11T23:26:04.635269681Z,true,2025-11-11T23:26:05.468020879Z
01K9TGJZ4ZNNN832DDDT3BHGF9,01K9TG6EXGBQ4G6XZ3R8J93D2N,2025-11-11T22:29:07.359349096Z,01K9TG6EXX8QH6HVK7KKMCEBA2,2025-11-11T22:29:07.359349096Z,01K9TG7YYY4ZBCWC5KXYY0TVH7,2025-11-11T22:29:07.359349096Z,01K9TGE95TZYN3K8FV3BD393P8,2025-11-11T22:29:07.359349096Z,01K9TGE97CCBC26ZAZG8T4N061,2025-11-11T22:29:07.359349096Z,true,2025-11-11T22:29:08.680460304Z
01K9TGMB0B41MZNMB4X5N9B31W,01K9TG836P0GZ79TTG0H44E12V,2025-11-11T22:29:52.267559364Z,01K9TG8370531XP7CM1VPEH59N,2025-11-11T22:29:52.267559364Z,01K9TGGKH3RZNNHKBW34D0VAVW,2025-11-11T22:29:52.267559364Z,01K9TGMA4KBJ6YJHJ5A7VXMH0J,2025-11-11T22:29:52.267559364Z,01K9TGMA5QTSF6G7EGE7C1WS25,2025-11-11T22:29:52.267559364Z,true,2025-11-11T22:29:53.593300487Z
01K9TGPFGJZ12WFEJE3QR778J4,01K9TG6EXGBQ4G6XZ3R8J93D2N,2025-11-11T22:31:02.418169105Z,01K9TG6EXX8QH6HVK7KKMCEBA2,2025-11-11T22:31:02.418169105Z,01K9TGBZBBN2VNM7XM1NFZDYSF,2025-11-11T22:31:02.418169105Z,01K9TGE95PTGDR7QAVZDS4EY5Z,2025-11-11T22:31:02.418169105Z,01K9TGE9BYBP96ZK0T1MY0P5ZE,2025-11-11T22:31:02.418169105Z,true,2025-11-11T22:31:04.532819261Z
01K9TGQ9XJX0KHPX5SG177XS16,01K9TG6EXGBQ4G6XZ3R8J93D2N,2025-11-11T22:31:29.458967145Z,01K9TG6EXX8QH6HVK7KKMCEBA2,2025-11-11T22:31:29.458967145Z,01K9TG7YYY4ZBCWC5KXYY0TVH7,2025-11-11T22:31:29.458967145Z,01K9TGE95KNP2XPZSGVBCDS945,2025-11-11T22:31:29.458967145Z,01K9TGE9DJRSPVV44CKAFF7PKK,2025-11-11T22:31:29.458967145Z,true,2025-11-11T22:31:30.602871198Z
01K9TGQBDBCXBYF8FAV3QMK7C9,01K9TG6EXGBQ4G6XZ3R8J93D2N,2025-11-11T22:31:30.987184531Z,01K9TG6EXX8QH6HVK7KKMCEBA2,2025-11-11T22:31:30.987184531Z,01K9TG7YYY4ZBCWC5KXYY0TVH7,2025-11-11T22:31:30.987184531Z,01K9TGE95KNP2XPZSGVBCDS945,2025-11-11T22:31:30.987184531Z,01K9TGE9DK6C7XETNMWN9HGJ7Y,2025-11-11T22:31:30.987184531Z,true,2025-11-11T22:31:32.22591258Z
01K9TGZNCKVBFHX5R55VMEVV0Y,01K9TG836P0GZ79TTG0H44E12V,2025-11-11T22:36:03.347563617Z,01K9TG8370531XP7CM1VPEH59N,2025-11-11T22:36:03.347563617Z,01K9TGGPCVJQM3MBG61HJ65C1A,2025-11-11T22:36:03.347563617Z,01K9TGMA4TG6Z70H84KFN62YMP,2025-11-11T22:36:03.347563617Z,01K9TGMABSMF9P4WDX94GYYXHY,2025-11-11T22:36:03.347563617Z,true,2025-11-11T22:36:07.54058289Z
01K9TKFT8FZKWKV7WF1Y7885MF,01K9THEXEQ7CHCVV4RW5S1TPVJ,2025-11-11T23:19:49.77502498Z,01K9THEXF5K25GF7E1BF0H3VE3,2025-11-11T23:19:49.77502498Z,01K9TK4NDHZWVR3YP5F8QC9TTB,2025-11-11T23:19:49.77502498Z,01K9TK4Q96MKZEJYNZPX906Z9Y,2025-11-11T23:19:49.77502498Z,01K9TK4QDS0T4A525EGQ8GQKTN,2025-11-11T23:19:49.77502498Z,true,2025-11-11T23:19:50.893115482Z
01K9TKV95S7G6SQSBTHKBAC2YQ,01K9TKHWPQ1CHEHQDB7EFMGZ28,2025-11-11T23:26:05.497533655Z,01K9TKHWQ56744C1WB3KR2S98C,2025-11-11T23:26:05.497533655Z,01K9TKQNK6BGH083BS225HDXX4,2025-11-11T23:26:05.497533655Z,01K9TKSD4NGMN4A7DPH9BC9HKR,2025-11-11T23:26:05.497533655Z,01K9TKSDD4V3BNEFNFYCTWPKRD,2025-11-11T23:26:05.497533655Z,true,2025-11-11T23:26:06.551084189Z
01K9TFGH6X3Z95QH3CBC5NG6R1,01K9TE9T6GRQ5KWPW9N4YQG3VB,2025-11-11T22:10:18.973634651Z,01K9TE9T75JFGS09NGQYAMHPA6,2025-11-11T22:10:18.973634651Z,01K9TFD8YPZ9SMW3BFYATD0C3Y,2025-11-11T22:10:18.973634651Z,01K9TFE5AW4GN01A5ZJMB7A31A,2025-11-11T22:10:18.973634651Z,01K9TFE5EPQFGYSS02TK9RQ1SF,2025-11-11T22:10:18.973634651Z,true,2025-11-11T22:10:23.263603069Z
01K9TGP6CCXYKVYSQ8R44FH6K3,01K9TG6EXGBQ4G6XZ3R8J93D2N,2025-11-11T22:30:53.068863642Z,01K9TG6EXX8QH6HVK7KKMCEBA2,2025-11-11T22:30:53.068863642Z,01K9TG7YYY4ZBCWC5KXYY0TVH7,2025-11-11T22:30:53.068863642Z,01K9TGE95JNQ1S8FDV6A65J8R1,2025-11-11T22:30:53.068863642Z,01K9TGE9AYYQ49DZD3Z0CKJDAJ,2025-11-11T22:30:53.068863642Z,true,2025-11-11T22:30:55.458871044Z
01K9TGPMEERFEKDCHQ7B8JVXDH,01K9TG6EXGBQ4G6XZ3R8J93D2N,2025-11-11T22:31:07.470892111Z,01K9TG6EXX8QH6HVK7KKMCEBA2,2025-11-11T22:31:07.470892111Z,01K9TGBZBBN2VNM7XM1NFZDYSF,2025-11-11T22:31:07.470892111Z,01K9TGE95E94ZEKZD23TRVWN2T,2025-11-11T22:31:07.470892111Z,01K9TGE9D4Z3VDB6F1G2MAGMZ4,2025-11-11T22:31:07.470892111Z,true,2025-11-11T22:31:26.778843528Z
01K9TKTWPG6ESQDVY1D9B62PFG,01K9TKHWPQ1CHEHQDB7EFMGZ28,2025-11-11T23:25:52.720988967Z,01K9TKHWQ56744C1WB3KR2S98C,2025-11-11T23:25:52.720988967Z,01K9TKQNK6BGH083BS225HDXX4,2025-11-11T23:25:52.720988967Z,01K9TKSD4S0WBY5DAR4CCHCV01,2025-11-11T23:25:52.720988967Z,01K9TKSD8MQFKX34HYKW5V7VT0,2025-11-11T23:25:52.720988967Z,true,2025-11-11T23:25:54.077424647Z
01K9TKV4R8JWM4PXFMP80R3TGZ,01K9TKHWPQ1CHEHQDB7EFMGZ28,2025-11-11T23:26:00.9688909Z,01K9TKHWQ56744C1WB3KR2S98C,2025-11-11T23:26:00.9688909Z,01K9TKQNK6BGH083BS225HDXX4,2025-11-11T23:26:00.9688909Z,01K9TKSD4PCDDJ1PJ971V5YATE,2025-11-11T23:26:00.9688909Z,01K9TKSDC3QNTW8EZPF0XDQM45,2025-11-11T23:26:00.9688909Z,true,2025-11-11T23:26:02.105042544Z
01K9TFG97KJ51V5NT8WW98E38F,01K9TE9T6GRQ5KWPW9N4YQG3VB,2025-11-11T22:10:10.803281026Z,01K9TE9T75JFGS09NGQYAMHPA6,2025-11-11T22:10:10.803281026Z,01K9TFD8YPZ9SMW3BFYATD0C3Y,2025-11-11T22:10:10.803281026Z,01K9TFE5AXCV451BQCZJ4JH1GC,2025-11-11T22:10:10.803281026Z,01K9TFE5DTSECPR908Y600P51R,2025-11-11T22:10:10.803281026Z,true,2025-11-11T22:10:13.689940835Z
01K9TFGW1EHGJ5XE5M5NRMCYZT,01K9TE9T6GRQ5KWPW9N4YQG3VB,2025-11-11T22:10:30.062052489Z,01K9TE9T75JFGS09NGQYAMHPA6,2025-11-11T22:10:30.062052489Z,01K9TFD8YPZ9SMW3BFYATD0C3Y,2025-11-11T22:10:30.062052489Z,01K9TFE5AXCV451BQCZ0W1V8RR,2025-11-11T22:10:30.062052489Z,01K9TFE5F2ZXHXNPGC53Y6KHF5,2025-11-11T22:10:30.062052489Z,true,2025-11-11T22:10:32.224848844Z
01K9TGPHKGW4015RGB0NN0DYAT,01K9TG6EXGBQ4G6XZ3R8J93D2N,2025-11-11T22:31:04.560393486Z,01K9TG6EXX8QH6HVK7KKMCEBA2,2025-11-11T22:31:04.560393486Z,01K9TG7YYY4ZBCWC5KXYY0TVH7,2025-11-11T22:31:04.560393486Z,01K9TGE95PTGDR7QAVZDS4EY5Z,2025-11-11T22:31:04.560393486Z,01K9TGE9BZS1DFXYJ1NHGXFG9Y,2025-11-11T22:31:04.560393486Z,true,2025-11-11T22:31:05.943681756Z
01K9TGTCWPHFRQ9C4HV2F055V6,01K9TG836P0GZ79TTG0H44E12V,2025-11-11T22:33:10.806947133Z,01K9TG8370531XP7CM1VPEH59N,2025-11-11T22:33:10.806947133Z,01K9TGGKH3RZNNHKBW34D0VAVW,2025-11-11T22:33:10.806947133Z,01K9TGMA4KBJ6YJHJ5A7VXMH0J,2025-11-11T22:33:10.806947133Z,01K9TGMA5QTSF6G7EGETYAHE87,2025-11-11T22:33:10.806947133Z,true,2025-11-11T22:33:13.745233625Z
01K9TGZ3ZR2QARBXNR05XZSY2F,01K9TG836P0GZ79TTG0H44E12V,2025-11-11T22:35:45.528261745Z,01K9TG8370531XP7CM1VPEH59N,2025-11-11T22:35:45.528261745Z,01K9TGGKH3RZNNHKBW34D0VAVW,2025-11-11T22:35:45.528261745Z,01K9TGMA4YRTX1CB3XW5PQC1GB,2025-11-11T22:35:45.528261745Z,01K9TGMA9YYKDRZ80Q61N43JVN,2025-11-11T22:35:45.528261745Z,true,2025-11-11T22:35:47.31880952Z
01K9TKV2HFPYP6ZFF2SFPE1GTP,01K9TKHWPQ1CHEHQDB7EFMGZ28,2025-11-11T23:25:58.703926788Z,01K9TKHWQ56744C1WB3KR2S98C,2025-11-11T23:25:58.703926788Z,01K9TKK4NBAYWV8NPZGBH70SCA,2025-11-11T23:25:58.703926788Z,01K9TKSD4Q838QWDGNNDP2D7W3,2025-11-11T23:25:58.703926788Z,01K9TKSDB0PTD2DM92DPP6VEMG,2025-11-11T23:25:58.703926788Z,true,2025-11-11T23:25:59.262445698Z
01K9TFG3TTPAATNE11J9GA1M92,01K9TE9T6GRQ5KWPW9N4YQG3VB,2025-11-11T22:10:05.274613836Z,01K9TE9T75JFGS09NGQYAMHPA6,2025-11-11T22:10:05.274613836Z,01K9TFD8YPZ9SMW3BFYATD0C3Y,2025-11-11T22:10:05.274613836Z,01K9TFE5AXCV451BQCZJ4JH1GC,2025-11-11T22:10:05.274613836Z,01K9TFE5DTSECPR908XF76Y0EY,2025-11-11T22:10:05.274613836Z,true,2025-11-11T22:10:10.774778674Z
01K9TFGY6YZ6Q4ZM2WCRVBQM4C,01K9TE9T6GRQ5KWPW9N4YQG3VB,2025-11-11T22:10:32.286403434Z,01K9TE9T75JFGS09NGQYAMHPA6,2025-11-11T22:10:32.286403434Z,01K9TF6B432JB2S4GXCA1X1A8D,2025-11-11T22:10:32.286403434Z,01K9TFE5AVHDMA5704XATM570S,2025-11-11T22:10:32.286403434Z,01K9TFE5FPJB45NZDNRYFVZ80E,2025-11-11T22:10:32.286403434Z,true,2025-11-11T22:10:33.227512009Z
01K9TKV6N84CR762C748DAKNKV,01K9TKHWPQ1CHEHQDB7EFMGZ28,2025-11-11T23:26:02.920173313Z,01K9TKHWQ56744C1WB3KR2S98C,2025-11-11T23:26:02.920173313Z,01K9TKK4NBAYWV8NPZGBH70SCA,2025-11-11T23:26:02.920173313Z,01K9TKSD4HFVA9PSW86GZ086VZ,2025-11-11T23:26:02.920173313Z,01K9TKSDCJJV7YNZF3N87Y6JZN,2025-11-11T23:26:02.920173313Z,true,2025-11-11T23:26:03.658714069Z
01K9TGV3AR9K3FZP8GEQTVV22R,01K9TG836P0GZ79TTG0H44E12V,2025-11-11T22:33:33.784852735Z,01K9TG8370531XP7CM1VPEH59N,2025-11-11T22:33:33.784852735Z,01K9TGGPCVJQM3MBG61HJ65C1A,2025-11-11T22:33:33.784852735Z,01K9TGMA51WM1FT5H4XQCPH7M4,2025-11-11T22:33:33.784852735Z,01K9TGMA7W61QRFW1CJWA6D8W5,2025-11-11T22:33:33.784852735Z,true,2025-11-11T22:33:35.478693677Z
01K9TKGGB14YPEK1A7MF92EGX0,01K9THEXEQ7CHCVV4RW5S1TPVJ,2025-11-11T23:20:12.385389391Z,01K9THEXF5K25GF7E1BF0H3VE3,2025-11-11T23:20:12.385389391Z,01K9TK0BPW384MW0TTYHAFJAGS,2025-11-11T23:20:12.385389391Z,01K9TK4Q9A3QVYJRYMH72BQ6JG,2025-11-11T23:20:12.385389391Z,01K9TK4QEC16JX45PVWJ55SPD9,2025-11-11T23:20:12.385389391Z,true,2025-11-11T23:20:19.076920935Z
01K9TGMZZQY6ZXKMW5J0DH3RQZ,01K9TG6EXGBQ4G6XZ3R8J93D2N,2025-11-11T22:30:13.751120782Z,01K9TG6EXX8QH6HVK7KKMCEBA2,2025-11-11T22:30:13.751120782Z,01K9TGBZBBN2VNM7XM1NFZDYSF,2025-11-11T22:30:13.751120782Z,01K9TGE95GCTZ256T5N3SQW9GM,2025-11-11T22:30:13.751120782Z,01K9TGE99V64YVHSZ7J0RN1KEE,2025-11-11T22:30:13.751120782Z,true,2025-11-11T22:30:18.877925583Z
01K9TKCTJ2CW735STCFYREDXCZ,01K9THEXEQ7CHCVV4RW5S1TPVJ,2025-11-11T23:18:11.77804633Z,01K9THEXF5K25GF7E1BF0H3VE3,2025-11-11T23:18:11.77804633Z,01K9TK0BPW384MW0TTYHAFJAGS,2025-11-11T23:18:11.77804633Z,01K9TK4Q8XVP701GFCQAGBA6XA,2025-11-11T23:18:11.77804633Z,01K9TK4QBJK6SVNC9N6X81HN97,2025-11-11T23:18:11.77804633Z,true,2025-11-11T23:18:18.490529885Z
01K9TKDMFA2Z3ZPPP18BCZAR4N,01K9THEXEQ7CHCVV4RW5S1TPVJ,2025-11-11T23:18:38.314816602Z,01K9THEXF5K25GF7E1BF0H3VE3,2025-11-11T23:18:38.314816602Z,01K9TK4NDHZWVR3YP5F8QC9TTB,2025-11-11T23:18:38.314816602Z,01K9TK4Q9B42RC6PM2C4MZ9374,2025-11-11T23:18:38.314816602Z,01K9TK4QCEWBHW75YBCVD4HJ54,2025-11-11T23:18:38.314816602Z,true,2025-11-11T23:18:39.262332094Z
01K9TFHDQ7GV4J3P73CC9HJYMM,01K9TE9T6GRQ5KWPW9N4YQG3VB,2025-11-11T22:10:48.167800029Z,01K9TE9T75JFGS09NGQYAMHPA6,2025-11-11T22:10:48.167800029Z,01K9TFD8YPZ9SMW3BFYATD0C3Y,2025-11-11T22:10:48.167800029Z,01K9TFE5ASTVVMV20PHS99GGHC,2025-11-11T22:10:48.167800029Z,01K9TFE5JGWMRBGA178RZCW7PF,2025-11-11T22:10:48.167800029Z,true,2025-11-11T22:10:49.575046872Z
01K9TGMSRNCQNQYQG37JPCBJ5T,01K9TG6EXGBQ4G6XZ3R8J93D2N,2025-11-11T22:30:07.381266892Z,01K9TG6EXX8QH6HVK7KKMCEBA2,2025-11-11T22:30:07.381266892Z,01K9TGBZBBN2VNM7XM1NFZDYSF,2025-11-11T22:30:07.381266892Z,01K9TGE95GCTZ256T5MN7QQ314,2025-11-11T22:30:07.381266892Z,01K9TGE997SKCHJH4GJ271XEJV,2025-11-11T22:30:07.381266892Z,true,2025-11-11T22:30:11.690808774Z
01K9TFFNM3D7D165QDDNRE196Y,01K9TE9T6GRQ5KWPW9N4YQG3VB,2025-11-11T22:09:50.723481933Z,01K9TE9T75JFGS09NGQYAMHPA6,2025-11-11T22:09:50.723481933Z,01K9TFD8YPZ9SMW3BFYATD0C3Y,2025-11-11T22:09:50.723481933Z,01K9TFE5AY8V27C3FQG1XKA2XH,2025-11-11T22:09:50.723481933Z,01K9TFE5CT10BR0ZZ3K3D736GW,2025-11-11T22:09:50.723481933Z,true,2025-11-11T22:09:53.794207681Z
01K9TKTPHRDG6T34TSPM7YEXHK,01K9TKHWPQ1CHEHQDB7EFMGZ28,2025-11-11T23:25:46.424809436Z,01K9TKHWQ56744C1WB3KR2S98C,2025-11-11T23:25:46.424809436Z,01K9TKK4NBAYWV8NPZGBH70SCA,2025-11-11T23:25:46.424809436Z,01K9TKSD4MPZHVQ4TYT6EEEJ3G,2025-11-11T23:25:46.424809436Z,01K9TKSD7FT911H32M935YRBQ4,2025-11-11T23:25:46.424809436Z,true,2025-11-11T23:25:47.994146242Z
01K9TKGPYJ9AVZGGHKHNY6D5KR,01K9THEXEQ7CHCVV4RW5S1TPVJ,2025-11-11T23:20:19.154143735Z,01K9THEXF5K25GF7E1BF0H3VE3,2025-11-11T23:20:19.154143735Z,01K9TK0BPW384MW0TTYHAFJAGS,2025-11-11T23:20:19.154143735Z,01K9TK4Q99N9EHWWPQ7PMC3Y1R,2025-11-11T23:20:19.154143735Z,01K9TK4QF1MRTNQCF9ZZXE6R9K,2025-11-11T23:20:19.154143735Z,true,2025-11-11T23:20:22.785710045Z
01K9TKTDB76YY25HFKN1MEK44Z,01K9TKHWPQ1CHEHQDB7EFMGZ28,2025-11-11T23:25:36.999179582Z,01K9TKHWQ56744C1WB3KR2S98C,2025-11-11T23:25:36.999179582Z,01K9TKK4NBAYWV8NPZGBH70SCA,2025-11-11T23:25:36.999179582Z,01K9TKSD4MPZHVQ4TYTPSGSEPW,2025-11-11T23:25:36.999179582Z,01K9TKSD6Y992ZWBRC1TC29MV3,2025-11-11T23:25:36.999179582Z,true,2025-11-11T23:25:38.371897554Z
01K9TGJTZ16V3EEFVF83H0R9VX,01K9TG6EXGBQ4G6XZ3R8J93D2N,2025-11-11T22:29:03.073800694Z,01K9TG6EXX8QH6HVK7KKMCEBA2,2025-11-11T22:29:03.073800694Z,01K9TG7YYY4ZBCWC5KXYY0TVH7,2025-11-11T22:29:03.073800694Z,01K9TGE95CE02K3TBKMJ95ZGJ2,2025-11-11T22:29:03.073800694Z,01K9TGE96ZDF5SJF2SPYT1D0EW,2025-11-11T22:29:03.073800694Z,true,2025-11-11T22:29:05.043410632Z
01K9TGN96NZMYN2929GNGZZMEM,01K9TG6EXGBQ4G6XZ3R8J93D2N,2025-11-11T22:30:23.189852412Z,01K9TG6EXX8QH6HVK7KKMCEBA2,2025-11-11T22:30:23.189852412Z,01K9TG7YYY4ZBCWC5KXYY0TVH7,2025-11-11T22:30:23.189852412Z,01K9TGE95H93S43VD8W4ZX5JGE,2025-11-11T22:30:23.189852412Z,01K9TGE9AGWSVRGHSCSBQ0B754,2025-11-11T22:30:23.189852412Z,true,2025-11-11T22:30:25.432126736Z
01K9TKH3Y4WQS5KJ81FNX7VF82,01K9THEXEQ7CHCVV4RW5S1TPVJ,2025-11-11T23:20:32.452638398Z,01K9THEXF5K25GF7E1BF0H3VE3,2025-11-11T23:20:32.452638398Z,01K9TK0BPW384MW0TTYHAFJAGS,2025-11-11T23:20:32.452638398Z,01K9TK4Q946BQG8W4TG8THRRWM,2025-11-11T23:20:32.452638398Z,01K9TK4QFZ2KT9BZ1R896TBEA0,2025-11-11T23:20:32.452638398Z,true,2025-11-11T23:20:36.075226598Z
01K9TGMB25RGDH5SEHVSCJZYHR,01K9TG6EXGBQ4G6XZ3R8J93D2N,2025-11-11T22:29:52.325593617Z,01K9TG6EXX8QH6HVK7KKMCEBA2,2025-11-11T22:29:52.325593617Z,01K9TG7YYY4ZBCWC5KXYY0TVH7,2025-11-11T22:29:52.325593617Z,01K9TGE95PTGDR7QAVZXY8WJJ0,2025-11-11T22:29:52.325593617Z,01K9TGE97W89N3X9ESWV5YDYEH,2025-11-11T22:29:52.325593617Z,true,2025-11-11T22:29:58.01063462Z
01K9TGZ9NJJ64BY9C7WC15XGEQ,01K9TG836P0GZ79TTG0H44E12V,2025-11-11T22:35:51.346243209Z,01K9TG8370531XP7CM1VPEH59N,2025-11-11T22:35:51.346243209Z,01K9TGGKH3RZNNHKBW34D0VAVW,2025-11-11T22:35:51.346243209Z,01K9TGMA4W5P644FDTK1K5MWZN,2025-11-11T22:35:51.346243209Z,01K9TGMAAPX1CD8PPG71Z3KXRN,2025-11-11T22:35:51.346243209Z,true,2025-11-11T22:35:52.532947815Z
01K9TKBQ821546C6X7D1XJWN97,01K9THEXEQ7CHCVV4RW5S1TPVJ,2025-11-11T23:17:35.618195117Z,01K9THEXF5K25GF7E1BF0H3VE3,2025-11-11T23:17:35.618195117Z,01K9TK4NDHZWVR3YP5F8QC9TTB,2025-11-11T23:17:35.618195117Z,01K9TK4Q92RHQ9XCRXQX7ZK3NJ,2025-11-11T23:17:35.618195117Z,01K9TK4QB1ZR6WQ0RXTA7P3F98,2025-11-11T23:17:35.618195117Z,true,2025-11-11T23:17:37.11608062Z
01K9TGMPP0HRRBQ6CWAX2JGC1S,01K9TG6EXGBQ4G6XZ3R8J93D2N,2025-11-11T22:30:04.224975038Z,01K9TG6EXX8QH6HVK7KKMCEBA2,2025-11-11T22:30:04.224975038Z,01K9TGBZBBN2VNM7XM1NFZDYSF,2025-11-11T22:30:04.224975038Z,01K9TGE95FS1V1B4EYHAQRBGA6,2025-11-11T22:30:04.224975038Z,01K9TGE98P6JMTSG4W86GJ59QS,2025-11-11T22:30:04.224975038Z,true,2025-11-11T22:30:06.181898289Z
01K9TGPD5VE05S4YN0PZ6HHVSK,01K9TG6EXGBQ4G6XZ3R8J93D2N,2025-11-11T22:31:00.027757235Z,01K9TG6EXX8QH6HVK7KKMCEBA2,2025-11-11T22:31:00.027757235Z,01K9TGBZBBN2VNM7XM1NFZDYSF,2025-11-11T22:31:00.027757235Z,01K9TGE95KNP2XPZSGTYS1D5E4,2025-11-11T22:31:00.027757235Z,01K9TGE9BAABP5N56AE60VF20N,2025-11-11T22:31:00.027757235Z,true,2025-11-11T22:31:02.34979519Z
01K9TKCTHZ449CHGDF66S84134,01K9THEXEQ7CHCVV4RW5S1TPVJ,2025-11-11T23:18:11.775706511Z,01K9THEXF5K25GF7E1BF0H3VE3,2025-11-11T23:18:11.775706511Z,01K9TK4NDHZWVR3YP5F8QC9TTB,2025-11-11T23:18:11.775706511Z,01K9TK4Q8XVP701GFCQAGBA6XA,2025-11-11T23:18:11.775706511Z,01K9TK4QBJK6SVNC9N6X81HN97,2025-11-11T23:18:11.775706511Z,true,2025-11-11T23:18:13.507666216Z
01K9TKV4260HR4N7W31PFM0RZJ,01K9TKHWPQ1CHEHQDB7EFMGZ28,2025-11-11T23:26:00.262063396Z,01K9TKHWQ56744C1WB3KR2S98C,2025-11-11T23:26:00.262063396Z,01K9TKQNK6BGH083BS225HDXX4,2025-11-11T23:26:00.262063396Z,01K9TKSD4Q838QWDGNMXFST2R1,2025-11-11T23:26:00.262063396Z,01K9TKSDBM757S3MSH38GKXG6Z,2025-11-11T23:26:00.262063396Z,true,2025-11-11T23:26:00.866242496Z
01K9TGPAX4FT9YVGNB86XTPS8R,01K9TG6EXGBQ4G6XZ3R8J93D2N,2025-11-11T22:30:57.700324416Z,01K9TG6EXX8QH6HVK7KKMCEBA2,2025-11-11T22:30:57.700324416Z,01K9TGBZBBN2VNM7XM1NFZDYSF,2025-11-11T22:30:57.700324416Z,01K9TGE95KNP2XPZSGTYS1D5E4,2025-11-11T22:30:57.700324416Z,01K9TGE9BAABP5N56ADJ1G7EDF,2025-11-11T22:30:57.700324416Z,true,2025-11-11T22:31:00.001051848Z
01K9TGPHKH9PMXJ8MTGDBKBWXV,01K9TG6EXGBQ4G6XZ3R8J93D2N,2025-11-11T22:31:04.561033929Z,01K9TG6EXX8QH6HVK7KKMCEBA2,2025-11-11T22:31:04.561033929Z,01K9TGBZBBN2VNM7XM1NFZDYSF,2025-11-11T22:31:04.561033929Z,01K9TGE95PTGDR7QAVZDS4EY5Z,2025-11-11T22:31:04.561033929Z,01K9TGE9BZS1DFXYJ1NHGXFG9Y,2025-11-11T22:31:04.561033929Z,true,2025-11-11T22:31:07.400041934Z
01K9TKFNPR2F8FZTVMXPDMEDAT,01K9THEXEQ7CHCVV4RW5S1TPVJ,2025-11-11T23:19:45.112407033Z,01K9THEXF5K25GF7E1BF0H3VE3,2025-11-11T23:19:45.112407033Z,01K9TK0BPW384MW0TTYHAFJAGS,2025-11-11T23:19:45.112407033Z,01K9TK4Q9A3QVYJRYMHNV4BNTY,2025-11-11T23:19:45.112407033Z,01K9TK4QDAENRFP9EHK8YADTFE,2025-11-11T23:19:45.112407033Z,true,2025-11-11T23:19:49.670896674Z
01K9TKTDB63R0J18HZ8ADE03QG,01K9TKHWPQ1CHEHQDB7EFMGZ28,2025-11-11T23:25:36.998268042Z,01K9TKHWQ56744C1WB3KR2S98C,2025-11-11T23:25:36.998268042Z,01K9TKQNK6BGH083BS225HDXX4,2025-11-11T23:25:36.998268042Z,01K9TKSD4MPZHVQ4TYTPSGSEPW,2025-11-11T23:25:36.998268042Z,01K9TKSD6Y992ZWBRC1TC29MV3,2025-11-11T23:25:36.998268042Z,true,2025-11-11T23:25:39.289342396Z
01K9TK7AEHJKC9040J1MR9F3YJ,01K9THEXEQ7CHCVV4RW5S1TPVJ,2025-11-11T23:15:11.441672592Z,01K9THEXF5K25GF7E1BF0H3VE3,2025-11-11T23:15:11.441672592Z,01K9TK4NDHZWVR3YP5F8QC9TTB,2025-11-11T23:15:11.441672592Z,01K9TK4Q8R0KKXRE0RG0XBVAZ3,2025-11-11T23:15:11.441672592Z,01K9TK4QA3RFQM39S9YWASYVPC,2025-11-11T23:15:11.441672592Z,true,2025-11-11T23:16:35.645482787Z
01K9TKBQ7ZP57NRKFG2AAPS2G0,01K9THEXEQ7CHCVV4RW5S1TPVJ,2025-11-11T23:17:35.615770845Z,01K9THEXF5K25GF7E1BF0H3VE3,2025-11-11T23:17:35.615770845Z,01K9TK0BPW384MW0TTYHAFJAGS,2025-11-11T23:17:35.615770845Z,01K9TK4Q92RHQ9XCRXQX7ZK3NJ,2025-11-11T23:17:35.615770845Z,01K9TK4QB1ZR6WQ0RXTA7P3F98,2025-11-11T23:17:35.615770845Z,true,2025-11-11T23:17:49.04167449Z
01K9TKD15Y3ZJVPQ9F5VTS20ZV,01K9THEXEQ7CHCVV4RW5S1TPVJ,2025-11-11T23:18:18.558178322Z,01K9THEXF5K25GF7E1BF0H3VE3,2025-11-11T23:18:18.558178322Z,01K9TK4NDHZWVR3YP5F8QC9TTB,2025-11-11T23:18:18.558178322Z,01K9TK4Q9CGHXAKV5SVTFAQVVB,2025-11-11T23:18:18.558178322Z,01K9TK4QC008A69ZEKJ9M60F16,2025-11-11T23:18:18.558178322Z,true,2025-11-11T23:18:20.246415502Z
01K9TKE7D1S7QBXJXDNQJX8QYQ,01K9THEXEQ7CHCVV4RW5S1TPVJ,2025-11-11T23:18:57.697060264Z,01K9THEXF5K25GF7E1BF0H3VE3,2025-11-11T23:18:57.697060264Z,01K9TK0BPW384MW0TTYHAFJAGS,2025-11-11T23:18:57.697060264Z,01K9TK4Q9B42RC6PM2C4MZ9374,2025-11-11T23:18:57.697060264Z,01K9TK4QCFHNF7418QTY3H1CP5,2025-11-11T23:18:57.697060264Z,true,2025-11-11T23:19:03.714391618Z
01K9TFGW1B719D2V54G1T0JAEX,01K9TE9T6GRQ5KWPW9N4YQG3VB,2025-11-11T22:10:30.059480469Z,01K9TE9T75JFGS09NGQYAMHPA6,2025-11-11T22:10:30.059480469Z,01K9TF6B432JB2S4GXCA1X1A8D,2025-11-11T22:10:30.059480469Z,01K9TFE5AXCV451BQCZ0W1V8RR,2025-11-11T22:10:30.059480469Z,01K9TFE5F2ZXHXNPGC53Y6KHF5,2025-11-11T22:10:30.059480469Z,true,2025-11-11T22:10:31.554773197Z
01K9TGPD5X9SJ2GDSZHH0YQZGK,01K9TG6EXGBQ4G6XZ3R8J93D2N,2025-11-11T22:31:00.029128417Z,01K9TG6EXX8QH6HVK7KKMCEBA2,2025-11-11T22:31:00.029128417Z,01K9TG7YYY4ZBCWC5KXYY0TVH7,2025-11-11T22:31:00.029128417Z,01K9TGE95KNP2XPZSGTYS1D5E4,2025-11-11T22:31:00.029128417Z,01K9TGE9BAABP5N56AE60VF20N,2025-11-11T22:31:00.029128417Z,true,2025-11-11T22:31:02.007582068Z
01K9TFGF644VX6GP932471AVD9,01K9TE9T6GRQ5KWPW9N4YQG3VB,2025-11-11T22:10:16.900420893Z,01K9TE9T75JFGS09NGQYAMHPA6,2025-11-11T22:10:16.900420893Z,01K9TF6B432JB2S4GXCA1X1A8D,2025-11-11T22:10:16.900420893Z,01K9TFE5AXCV451BQCYG9CNGS5,2025-11-11T22:10:16.900420893Z,01K9TFE5E9EAW90RQXKGSJAZDC,2025-11-11T22:10:16.900420893Z,true,2025-11-11T22:10:18.65224651Z
01K9TGKAQTQ0W8D597V23QP0TM,01K9TG6EXGBQ4G6XZ3R8J93D2N,2025-11-11T22:29:19.226503897Z,01K9TG6EXX8QH6HVK7KKMCEBA2,2025-11-11T22:29:19.226503897Z,01K9TG7YYY4ZBCWC5KXYY0TVH7,2025-11-11T22:29:19.226503897Z,01K9TGE95TZYN3K8FV3BD393P8,2025-11-11T22:29:19.226503897Z,01K9TGE97CCBC26ZAZGR2QPN1T,2025-11-11T22:29:19.226503897Z,true,2025-11-11T22:29:22.974790585Z
01K9TFH5JA6GN1FR8A0V7N7SVN,01K9TE9T6GRQ5KWPW9N4YQG3VB,2025-11-11T22:10:39.818872277Z,01K9TE9T75JFGS09NGQYAMHPA6,2025-11-11T22:10:39.818872277Z,01K9TF6B432JB2S4GXCA1X1A8D,2025-11-11T22:10:39.818872277Z,01K9TFE5AR7VP2MYEA0GYCZV21,2025-11-11T22:10:39.818872277Z,01K9TFE5GSHXA7KZ9FGF45WR8T,2025-11-11T22:10:39.818872277Z,true,2025-11-11T22:10:40.605437759Z
01K9TKTPHNYMHF8SSHTEGXHCBN,01K9TKHWPQ1CHEHQDB7EFMGZ28,2025-11-11T23:25:46.421542434Z,01K9TKHWQ56744C1WB3KR2S98C,2025-11-11T23:25:46.421542434Z,01K9TKQNK6BGH083BS225HDXX4,2025-11-11T23:25:46.421542434Z,01K9TKSD4MPZHVQ4TYT6EEEJ3G,2025-11-11T23:25:46.421542434Z,01K9TKSD7FT911H32M935YRBQ4,2025-11-11T23:25:46.421542434Z,true,2025-11-11T23:25:47.319516286Z
01K9TK4R5HSMZY6SV359BPRN6P,01K9THEXEQ7CHCVV4RW5S1TPVJ,2025-11-11T23:13:47.185816998Z,01K9THEXF5K25GF7E1BF0H3VE3,2025-11-11T23:13:47.185816998Z,01K9TK4NDHZWVR3YP5F8QC9TTB,2025-11-11T23:13:47.185816998Z,01K9TK4Q8R0KKXRE0RG0XBVAZ3,2025-11-11T23:13:47.185816998Z,01K9TK4QA2V77Q8XM36RK01H33,2025-11-11T23:13:47.185816998Z,true,2025-11-11T23:13:49.077697968Z
01K9TGTTMEYNCRYS9HY20BDV0E,01K9TG836P0GZ79TTG0H44E12V,2025-11-11T22:33:24.878501306Z,01K9TG8370531XP7CM1VPEH59N,2025-11-11T22:33:24.878501306Z,01K9TGGKH3RZNNHKBW34D0VAVW,2025-11-11T22:33:24.878501306Z,01K9TGMA4Q7H0VN9NMVWAP8QM8,2025-11-11T22:33:24.878501306Z,01K9TGMA69JQ485F6QN826P82F,2025-11-11T22:33:24.878501306Z,true,2025-11-11T22:33:27.085852194Z
01K9TGZ3ZS8KV6GZKK5B824G8T,01K9TG836P0GZ79TTG0H44E12V,2025-11-11T22:35:45.529240819Z,01K9TG8370531XP7CM1VPEH59N,2025-11-11T22:35:45.529240819Z,01K9TGGPCVJQM3MBG61HJ65C1A,2025-11-11T22:35:45.529240819Z,01K9TGMA4YRTX1CB3XW5PQC1GB,2025-11-11T22:35:45.529240819Z,01K9TGMA9YYKDRZ80Q61N43JVN,2025-11-11T22:35:45.529240819Z,true,2025-11-11T22:35:47.06291879Z
01K9TGZK6R7TXPESNX5MWXV42T,01K9TG836P0GZ79TTG0H44E12V,2025-11-11T22:36:01.11231383Z,01K9TG8370531XP7CM1VPEH59N,2025-11-11T22:36:01.11231383Z,01K9TGGPCVJQM3MBG61HJ65C1A,2025-11-11T22:36:01.11231383Z,01K9TGMA4TG6Z70H84KFN62YMP,2025-11-11T22:36:01.11231383Z,01K9TGMABSMF9P4WDX8PMMWAAQ,2025-11-11T22:36:01.11231383Z,true,2025-11-11T22:36:03.311980231Z
01K9TKT3NPP8S8W0X03SZ51C50,01K9TKHWPQ1CHEHQDB7EFMGZ28,2025-11-11T23:25:27.094775343Z,01K9TKHWQ56744C1WB3KR2S98C,2025-11-11T23:25:27.094775343Z,01K9TKK4NBAYWV8NPZGBH70SCA,2025-11-11T23:25:27.094775343Z,01K9TKSD4DTPTKV3T447J8DQ4T,2025-11-11T23:25:27.094775343Z,01K9TKSD5M15X6CJ8WE61A9JHG,2025-11-11T23:25:27.094775343Z,true,2025-11-11T23:25:28.899415268Z
01K9TFHDQ7GV4J3P73C0SC2B0M,01K9TE9T6GRQ5KWPW9N4YQG3VB,2025-11-11T22:10:48.167373585Z,01K9TE9T75JFGS09NGQYAMHPA6,2025-11-11T22:10:48.167373585Z,01K9TF6B432JB2S4GXCA1X1A8D,2025-11-11T22:10:48.167373585Z,01K9TFE5ASTVVMV20PHS99GGHC,2025-11-11T22:10:48.167373585Z,01K9TFE5JGWMRBGA178RZCW7PF,2025-11-11T22:10:48.167373585Z,true,2025-11-11T22:10:49.186639638Z
01K9TGZB8CMXPYVF7R25M66ZQ0,01K9TG836P0GZ79TTG0H44E12V,2025-11-11T22:35:52.972045156Z,01K9TG8370531XP7CM1VPEH59N,2025-11-11T22:35:52.972045156Z,01K9TGGKH3RZNNHKBW34D0VAVW,2025-11-11T22:35:52.972045156Z,01K9TGMA4W5P644FDTK1K5MWZN,2025-11-11T22:35:52.972045156Z,01K9TGMAAPX1CD8PPG7GHAY134,2025-11-11T22:35:52.972045156Z,true,2025-11-11T22:35:54.182516464Z
01K9TKE7D256TZB0A0G89E7VSM,01K9THEXEQ7CHCVV4RW5S1TPVJ,2025-11-11T23:18:57.698212298Z,01K9THEXF5K25GF7E1BF0H3VE3,2025-11-11T23:18:57.698212298Z,01K9TK4NDHZWVR3YP5F8QC9TTB,2025-11-11T23:18:57.698212298Z,01K9TK4Q9B42RC6PM2C4MZ9374,2025-11-11T23:18:57.698212298Z,01K9TK4QCFHNF7418QTY3H1CP5,2025-11-11T23:18:57.698212298Z,true,2025-11-11T23:19:05.268554824Z
01K9TKGYQKHPWAJG3F8DF5EXSY,01K9THEXEQ7CHCVV4RW5S1TPVJ,2025-11-11T23:20:27.123072718Z,01K9THEXF5K25GF7E1BF0H3VE3,2025-11-11T23:20:27.123072718Z,01K9TK0BPW384MW0TTYHAFJAGS,2025-11-11T23:20:27.123072718Z,01K9TK4Q946BQG8W4TG8THRRWM,2025-11-11T23:20:27.123072718Z,01K9TK4QFY32HDYVNDNF8DQAGN,2025-11-11T23:20:27.123072718Z,true,2025-11-11T23:20:32.420972974Z
01K9TFH29P3350QP609CS6P12W,01K9TE9T6GRQ5KWPW9N4YQG3VB,2025-11-11T22:10:36.470044415Z,01K9TE9T75JFGS09NGQYAMHPA6,2025-11-11T22:10:36.470044415Z,01K9TFD8YPZ9SMW3BFYATD0C3Y,2025-11-11T22:10:36.470044415Z,01K9TFE5AT6K45GQK4SCHXAB74,2025-11-11T22:10:36.470044415Z,01K9TFE5G6JH6ES8C3SYQR1PYW,2025-11-11T22:10:36.470044415Z,true,2025-11-11T22:10:37.967957471Z
01K9TGP6CE4VZJYR9V289FMVPS,01K9TG6EXGBQ4G6XZ3R8J93D2N,2025-11-11T22:30:53.070431591Z,01K9TG6EXX8QH6HVK7KKMCEBA2,2025-11-11T22:30:53.070431591Z,01K9TGBZBBN2VNM7XM1NFZDYSF,2025-11-11T22:30:53.070431591Z,01K9TGE95JNQ1S8FDV6A65J8R1,2025-11-11T22:30:53.070431591Z,01K9TGE9AYYQ49DZD3Z0CKJDAJ,2025-11-11T22:30:53.070431591Z,true,2025-11-11T22:30:55.445114671Z
01K9TGV93E74GXCSTHMCP73GNQ,01K9TG836P0GZ79TTG0H44E12V,2025-11-11T22:33:39.694936052Z,01K9TG8370531XP7CM1VPEH59N,2025-11-11T22:33:39.694936052Z,01K9TGGPCVJQM3MBG61HJ65C1A,2025-11-11T22:33:39.694936052Z,01K9TGMA51WM1FT5H4XQCPH7M4,2025-11-11T22:33:39.694936052Z,01K9TGMA7W61QRFW1CKMAVT3RW,2025-11-11T22:33:39.694936052Z,true,2025-11-11T22:33:46.818498815Z
01K9TGZ0SDG6HYBWP116Y68CZ8,01K9TG836P0GZ79TTG0H44E12V,2025-11-11T22:35:42.25306422Z,01K9TG8370531XP7CM1VPEH59N,2025-11-11T22:35:42.25306422Z,01K9TGGPCVJQM3MBG61HJ65C1A,2025-11-11T22:35:42.25306422Z,01K9TGMA4YRTX1CB3XW5PQC1GB,2025-11-11T22:35:42.25306422Z,01K9TGMA9XJECNEH0NKK2Y3PYE,2025-11-11T22:35:42.25306422Z,true,2025-11-11T22:35:45.49548293Z
01K9TGZFE7XFP64G6SKZMA1JA2,01K9TG836P0GZ79TTG0H44E12V,2025-11-11T22:35:57.255370039Z,01K9TG8370531XP7CM1VPEH59N,2025-11-11T22:35:57.255370039Z,01K9TGGKH3RZNNHKBW34D0VAVW,2025-11-11T22:35:57.255370039Z,01K9TGMA4TG6Z70H84KV7ER18B,2025-11-11T22:35:57.255370039Z,01K9TGMABDNVKFY5PC011F32D9,2025-11-11T22:35:57.255370039Z,true,2025-11-11T22:35:57.867376273Z
01K9TKV2HEFG5ATB5V709MVRCM,01K9TKHWPQ1CHEHQDB7EFMGZ28,2025-11-11T23:25:58.703001737Z,01K9TKHWQ56744C1WB3KR2S98C,2025-11-11T23:25:58.703001737Z,01K9TKQNK6BGH083BS225HDXX4,2025-11-11T23:25:58.703001737Z,01K9TKSD4Q838QWDGNNDP2D7W3,2025-11-11T23:25:58.703001737Z,01K9TKSDB0PTD2DM92DPP6VEMG,2025-11-11T23:25:58.703001737Z,true,2025-11-11T23:25:59.454773294Z
01K9TGJTZ3FHGJZB4C4CQZK1RG,01K9TG6EXGBQ4G6XZ3R8J93D2N,2025-11-11T22:29:03.075362113Z,01K9TG6EXX8QH6HVK7KKMCEBA2,2025-11-11T22:29:03.075362113Z,01K9TGBZBBN2VNM7XM1NFZDYSF,2025-11-11T22:29:03.075362113Z,01K9TGE95CE02K3TBKMJ95ZGJ2,2025-11-11T22:29:03.075362113Z,01K9TGE96ZDF5SJF2SPYT1D0EW,2025-11-11T22:29:03.075362113Z,true,2025-11-11T22:29:07.296685844Z
01K9TGQBDCMRB0749ZAADSF37B,01K9TG6EXGBQ4G6XZ3R8J93D2N,2025-11-11T22:31:30.988140961Z,01K9TG6EXX8QH6HVK7KKMCEBA2,2025-11-11T22:31:30.988140961Z,01K9TGBZBBN2VNM7XM1NFZDYSF,2025-11-11T22:31:30.988140961Z,01K9TGE95KNP2XPZSGVBCDS945,2025-11-11T22:31:30.988140961Z,01K9TGE9DK6C7XETNMWN9HGJ7Y,2025-11-11T22:31:30.988140961Z,true,2025-11-11T22:31:34.213061234Z
01K9TFH97BFHH8G9QDFJW6699W,01K9TE9T6GRQ5KWPW9N4YQG3VB,2025-11-11T22:10:43.564002713Z,01K9TE9T75JFGS09NGQYAMHPA6,2025-11-11T22:10:43.564002713Z,01K9TFD8YPZ9SMW3BFYATD0C3Y,2025-11-11T22:10:43.564002713Z,01K9TFE5AY8V27C3FQFK4M8FAK,2025-11-11T22:10:43.564002713Z,01K9TFE5J4PBJXGAD7TKMYSW0F,2025-11-11T22:10:43.564002713Z,true,2025-11-11T22:10:45.109087482Z
01K9TGJM092P9K1C7T5FGEWKGQ,01K9TG6EXGBQ4G6XZ3R8J93D2N,2025-11-11T22:28:55.945550145Z,01K9TG6EXX8QH6HVK7KKMCEBA2,2025-11-11T22:28:55.945550145Z,01K9TG7YYY4ZBCWC5KXYY0TVH7,2025-11-11T22:28:55.945550145Z,01K9TGE95CE02K3TBKMJ95ZGJ2,2025-11-11T22:28:55.945550145Z,01K9TGE96YD66SXHFA7H5S83NC,2025-11-11T22:28:55.945550145Z,true,2025-11-11T22:28:57.408733799Z
01K9TGZHGAC4QN7R2HZ0YSPD6C,01K9TG836P0GZ79TTG0H44E12V,2025-11-11T22:35:59.37053597Z,01K9TG8370531XP7CM1VPEH59N,2025-11-11T22:35:59.37053597Z,01K9TGGPCVJQM3MBG61HJ65C1A,2025-11-11T22:35:59.37053597Z,01K9TGMA4TG6Z70H84KV7ER18B,2025-11-11T22:35:59.37053597Z,01K9TGMABEXKXF3TZH0W08PKCW,2025-11-11T22:35:59.37053597Z,true,2025-11-11T22:36:01.013528949Z
01K9TKGTGYERF7QWKHVJ5K15FD,01K9THEXEQ7CHCVV4RW5S1TPVJ,2025-11-11T23:20:22.814676823Z,01K9THEXF5K25GF7E1BF0H3VE3,2025-11-11T23:20:22.814676823Z,01K9TK0BPW384MW0TTYHAFJAGS,2025-11-11T23:20:22.814676823Z,01K9TK4Q99N9EHWWPQ7PMC3Y1R,2025-11-11T23:20:22.814676823Z,01K9TK4QF3J8Z6ANX78124KKY2,2025-11-11T23:20:22.814676823Z,true,2025-11-11T23:20:27.046253506Z
01K9TKV3AVAX9QE4M4Y8WZHZHA,01K9TKHWPQ1CHEHQDB7EFMGZ28,2025-11-11T23:25:59.515848827Z,01K9TKHWQ56744C1WB3KR2S98C,2025-11-11T23:25:59.515848827Z,01K9TKK4NBAYWV8NPZGBH70SCA,2025-11-11T23:25:59.515848827Z,01K9TKSD4Q838QWDGNMXFST2R1,2025-11-11T23:25:59.515848827Z,01K9TKSDBK0DYFHA5FQS51SZSB,2025-11-11T23:25:59.515848827Z,true,2025-11-11T23:26:00.054613468Z
01K9TFFNM123PM7X4PEX9QGYHT,01K9TE9T6GRQ5KWPW9N4YQG3VB,2025-11-11T22:09:50.721721116Z,01K9TE9T75JFGS09NGQYAMHPA6,2025-11-11T22:09:50.721721116Z,01K9TF6B432JB2S4GXCA1X1A8D,2025-11-11T22:09:50.721721116Z,01K9TFE5AY8V27C3FQG1XKA2XH,2025-11-11T22:09:50.721721116Z,01K9TFE5CT10BR0ZZ3K3D736GW,2025-11-11T22:09:50.721721116Z,true,2025-11-11T22:09:54.563712509Z
01K9TFGC3PG1FSYBWA46GKVQWE,01K9TE9T6GRQ5KWPW9N4YQG3VB,2025-11-11T22:10:13.750835668Z,01K9TE9T75JFGS09NGQYAMHPA6,2025-11-11T22:10:13.750835668Z,01K9TF6B432JB2S4GXCA1X1A8D,2025-11-11T22:10:13.750835668Z,01K9TFE5AXCV451BQCYG9CNGS5,2025-11-11T22:10:13.750835668Z,01K9TFE5E9EAW90RQXJS9Z05NE,2025-11-11T22:10:13.750835668Z,true,2025-11-11T22:10:15.119948908Z
01K9TKV1QHVZGRC07ZGY6GMP67,01K9TKHWPQ1CHEHQDB7EFMGZ28,2025-11-11T23:25:57.873396375Z,01K9TKHWQ56744C1WB3KR2S98C,2025-11-11T23:25:57.873396375Z,01K9TKK4NBAYWV8NPZGBH70SCA,2025-11-11T23:25:57.873396375Z,01K9TKSD4Q838QWDGNNDP2D7W3,2025-11-11T23:25:57.873396375Z,01K9TKSDAZHNXNYB3RP8AB08Z9,2025-11-11T23:25:57.873396375Z,true,2025-11-11T23:25:58.442780665Z
01K9TGTZASDRF4HVGR9A1Q829J,01K9TG836P0GZ79TTG0H44E12V,2025-11-11T22:33:29.689848381Z,01K9TG8370531XP7CM1VPEH59N,2025-11-11T22:33:29.689848381Z,01K9TGGKH3RZNNHKBW34D0VAVW,2025-11-11T22:33:29.689848381Z,01K9TGMA52XBS9APGV64BGMJQ0,2025-11-11T22:33:29.689848381Z,01K9TGMA7CR43D5EQ9B8R8WHWE,2025-11-11T22:33:29.689848381Z,true,2025-11-11T22:33:30.86041086Z
01K9TKTTSVQ38RHSGNBPTBNDGK,01K9TKHWPQ1CHEHQDB7EFMGZ28,2025-11-11T23:25:50.779273817Z,01K9TKHWQ56744C1WB3KR2S98C,2025-11-11T23:25:50.779273817Z,01K9TKQNK6BGH083BS225HDXX4,2025-11-11T23:25:50.779273817Z,01K9TKSD4S0WBY5DAR4CCHCV01,2025-11-11T23:25:50.779273817Z,01K9TKSD8K5N0NJMXPXBB4WY81,2025-11-11T23:25:50.779273817Z,true,2025-11-11T23:25:52.655807217Z
01K9TGMB0DXC6PRE0Z5SZ3FKNP,01K9TG836P0GZ79TTG0H44E12V,2025-11-11T22:29:52.269542638Z,01K9TG8370531XP7CM1VPEH59N,2025-11-11T22:29:52.269542638Z,01K9TGGPCVJQM3MBG61HJ65C1A,2025-11-11T22:29:52.269542638Z,01K9TGMA4KBJ6YJHJ5A7VXMH0J,2025-11-11T22:29:52.269542638Z,01K9TGMA5QTSF6G7EGE7C1WS25,2025-11-11T22:29:52.269542638Z,true,2025-11-11T22:33:10.775315707Z
01K9TGMB2CESEKDAQ5E4DB49FX,01K9TG6EXGBQ4G6XZ3R8J93D2N,2025-11-11T22:29:52.332462595Z,01K9TG6EXX8QH6HVK7KKMCEBA2,2025-11-11T22:29:52.332462595Z,01K9TGBZBBN2VNM7XM1NFZDYSF,2025-11-11T22:29:52.332462595Z,01K9TGE95PTGDR7QAVZXY8WJJ0,2025-11-11T22:29:52.332462595Z,01K9TGE97W89N3X9ESWV5YDYEH,2025-11-11T22:29:52.332462595Z,true,2025-11-11T22:29:58.135272538Z
01K9TGP8QZXJHGPWRS4M1KDEEN,01K9TG6EXGBQ4G6XZ3R8J93D2N,2025-11-11T22:30:55.48794567Z,01K9TG6EXX8QH6HVK7KKMCEBA2,2025-11-11T22:30:55.48794567Z,01K9TGBZBBN2VNM7XM1NFZDYSF,2025-11-11T22:30:55.48794567Z,01K9TGE95JNQ1S8FDV6A65J8R1,2025-11-11T22:30:55.48794567Z,01K9TGE9AZ6N88EYXG7M7VBN64,2025-11-11T22:30:55.48794567Z,true,2025-11-11T22:30:57.072915592Z
01K9TGTMHRZ8KVVJDR5D1RC234,01K9TG836P0GZ79TTG0H44E12V,2025-11-11T22:33:18.648572866Z,01K9TG8370531XP7CM1VPEH59N,2025-11-11T22:33:18.648572866Z,01K9TGGKH3RZNNHKBW34D0VAVW,2025-11-11T22:33:18.648572866Z,01K9TGMA4Q7H0VN9NMVWAP8QM8,2025-11-11T22:33:18.648572866Z,01K9TGMA68530Q3AM9N7B1W2N9,2025-11-11T22:33:18.648572866Z,true,2025-11-11T22:33:21.53155164Z
01K9TFG3TTPAATNE11JN1PEXQS,01K9TE9T6GRQ5KWPW9N4YQG3VB,2025-11-11T22:10:05.27497998Z,01K9TE9T75JFGS09NGQYAMHPA6,2025-11-11T22:10:05.27497998Z,01K9TF6B432JB2S4GXCA1X1A8D,2025-11-11T22:10:05.27497998Z,01K9TFE5AXCV451BQCZJ4JH1GC,2025-11-11T22:10:05.27497998Z,01K9TFE5DTSECPR908XF76Y0EY,2025-11-11T22:10:05.27497998Z,true,2025-11-11T22:10:06.379519644Z
01K9TFH3SBPWH5WN2W3XB0KJA4,01K9TE9T6GRQ5KWPW9N4YQG3VB,2025-11-11T22:10:37.995428279Z,01K9TE9T75JFGS09NGQYAMHPA6,2025-11-11T22:10:37.995428279Z,01K9TFD8YPZ9SMW3BFYATD0C3Y,2025-11-11T22:10:37.995428279Z,01K9TFE5AT6K45GQK4SCHXAB74,2025-11-11T22:10:37.995428279Z,01K9TFE5G6JH6ES8C3TFFEKVY9,2025-11-11T22:10:37.995428279Z,true,2025-11-11T22:10:39.751064419Z
01K9TKG279WKCN8M6FQWPDS4N1,01K9THEXEQ7CHCVV4RW5S1TPVJ,2025-11-11T23:19:57.929480186Z,01K9THEXF5K25GF7E1BF0H3VE3,2025-11-11T23:19:57.929480186Z,01K9TK4NDHZWVR3YP5F8QC9TTB,2025-11-11T23:19:57.929480186Z,01K9TK4Q96MKZEJYNZPX906Z9Y,2025-11-11T23:19:57.929480186Z,01K9TK4QDT41646509GNWKVZ77,2025-11-11T23:19:57.929480186Z,true,2025-11-11T23:19:59.075351377Z
01K9TGTMHT6KGAQYF151X087RW,01K9TG836P0GZ79TTG0H44E12V,2025-11-11T22:33:18.65087485Z,01K9TG8370531XP7CM1VPEH59N,2025-11-11T22:33:18.65087485Z,01K9TGGPCVJQM3MBG61HJ65C1A,2025-11-11T22:33:18.65087485Z,01K9TGMA4Q7H0VN9NMVWAP8QM8,2025-11-11T22:33:18.65087485Z,01K9TGMA68530Q3AM9N7B1W2N9,2025-11-11T22:33:18.65087485Z,true,2025-11-11T22:33:24.847302862Z
01K9TGYY9EF81EBR3BCKVN4YKA,01K9TG836P0GZ79TTG0H44E12V,2025-11-11T22:35:39.694894632Z,01K9TG8370531XP7CM1VPEH59N,2025-11-11T22:35:39.694894632Z,01K9TGGPCVJQM3MBG61HJ65C1A,2025-11-11T22:35:39.694894632Z,01K9TGMA4YRTX1CB3XWKQHV0F6,2025-11-11T22:35:39.694894632Z,01K9TGMA9F9WWY6KD6JDDXCAFS,2025-11-11T22:35:39.694894632Z,true,2025-11-11T22:35:42.18433151Z
01K9TFH3SAXBV73JTKH2VMM839,01K9TE9T6GRQ5KWPW9N4YQG3VB,2025-11-11T22:10:37.995009048Z,01K9TE9T75JFGS09NGQYAMHPA6,2025-11-11T22:10:37.995009048Z,01K9TF6B432JB2S4GXCA1X1A8D,2025-11-11T22:10:37.995009048Z,01K9TFE5AT6K45GQK4SCHXAB74,2025-11-11T22:10:37.995009048Z,01K9TFE5G6JH6ES8C3TFFEKVY9,2025-11-11T22:10:37.995009048Z,true,2025-11-11T22:10:39.348544575Z
01K9TFE5X89EJDV019TSHK0TEX,01K9TE9T6GRQ5KWPW9N4YQG3VB,2025-11-11T22:09:01.864811945Z,01K9TE9T75JFGS09NGQYAMHPA6,2025-11-11T22:09:01.864811945Z,01K9TF6B432JB2S4GXCA1X1A8D,2025-11-11T22:09:01.864811945Z,01K9TFE5AJYTJ90KNXHC4QWS9W,2025-11-11T22:09:01.864811945Z,01K9TFE5BNMBK6596AQZDJ1CDR,2025-11-11T22:09:01.864811945Z,true,2025-11-11T22:09:06.806848982Z
01K9TFFSE0PC74HVWSK1EETFVG,01K9TE9T6GRQ5KWPW9N4YQG3VB,2025-11-11T22:09:54.624975829Z,01K9TE9T75JFGS09NGQYAMHPA6,2025-11-11T22:09:54.624975829Z,01K9TFD8YPZ9SMW3BFYATD0C3Y,2025-11-11T22:09:54.624975829Z,01K9TFE5AZVKDZCPYNZ3N97SXC,2025-11-11T22:09:54.624975829Z,01K9TFE5D9BS3SJTBEE6T0DC3A,2025-11-11T22:09:54.624975829Z,true,2025-11-11T22:10:02.930936581Z
01K9TKV5WWRXHA0B81CV88J4CH,01K9TKHWPQ1CHEHQDB7EFMGZ28,2025-11-11T23:26:02.141062405Z,01K9TKHWQ56744C1WB3KR2S98C,2025-11-11T23:26:02.141062405Z,01K9TKK4NBAYWV8NPZGBH70SCA,2025-11-11T23:26:02.141062405Z,01K9TKSD4PCDDJ1PJ971V5YATE,2025-11-11T23:26:02.141062405Z,01K9TKSDC50QPQHXWE2Z4SQFDE,2025-11-11T23:26:02.141062405Z,true,2025-11-11T23:26:02.808517719Z
01K9TGP8R2H9P789HR0T9N38X3,01K9TG6EXGBQ4G6XZ3R8J93D2N,2025-11-11T22:30:55.490283059Z,01K9TG6EXX8QH6HVK7KKMCEBA2,2025-11-11T22:30:55.490283059Z,01K9TG7YYY4ZBCWC5KXYY0TVH7,2025-11-11T22:30:55.490283059Z,01K9TGE95JNQ1S8FDV6A65J8R1,2025-11-11T22:30:55.490283059Z,01K9TGE9AZ6N88EYXG7M7VBN64,2025-11-11T22:30:55.490283059Z,true,2025-11-11T22:30:57.628675399Z
01K9TKV01NYQZ8ES2E7P9PH7X6,01K9TKHWPQ1CHEHQDB7EFMGZ28,2025-11-11T23:25:56.149973926Z,01K9TKHWQ56744C1WB3KR2S98C,2025-11-11T23:25:56.149973926Z,01K9TKQNK6BGH083BS225HDXX4,2025-11-11T23:25:56.149973926Z,01K9TKSD4R0JQWFFN7W7Z5TYWK,2025-11-11T23:25:56.149973926Z,01K9TKSDAJR33KYHWQKBZTSQB4,2025-11-11T23:25:56.149973926Z,true,2025-11-11T23:25:56.840925456Z
01K9TK4R5F5G5GR07VQZ9PKQGP,01K9THEXEQ7CHCVV4RW5S1TPVJ,2025-11-11T23:13:47.183843747Z,01K9THEXF5K25GF7E1BF0H3VE3,2025-11-11T23:13:47.183843747Z,01K9TK0BPW384MW0TTYHAFJAGS,2025-11-11T23:13:47.183843747Z,01K9TK4Q8R0KKXRE0RG0XBVAZ3,2025-11-11T23:13:47.183843747Z,01K9TK4QA2V77Q8XM36RK01H33,2025-11-11T23:13:47.183843747Z,true,2025-11-11T23:15:11.408441683Z
01K9TKTY33BKSQ6MGB2CKBH438,01K9TKHWPQ1CHEHQDB7EFMGZ28,2025-11-11T23:25:54.14734796Z,01K9TKHWQ56744C1WB3KR2S98C,2025-11-11T23:25:54.14734796Z,01K9TKQNK6BGH083BS225HDXX4,2025-11-11T23:25:54.14734796Z,01K9TKSD4R0JQWFFN7WQ57XYYY,2025-11-11T23:25:54.14734796Z,01K9TKSDA010T1MP69MJ6Q976V,2025-11-11T23:25:54.14734796Z,true,2025-11-11T23:25:54.893723676Z
01K9TFGQ85HNMCZAD102GCSWBR,01K9TE9T6GRQ5KWPW9N4YQG3VB,2025-11-11T22:10:25.157448685Z,01K9TE9T75JFGS09NGQYAMHPA6,2025-11-11T22:10:25.157448685Z,01K9TF6B432JB2S4GXCA1X1A8D,2025-11-11T22:10:25.157448685Z,01K9TFE5AXCV451BQCZ0W1V8RR,2025-11-11T22:10:25.157448685Z,01K9TFE5F2ZXHXNPGC4GAM0E1J,2025-11-11T22:10:25.157448685Z,true,2025-11-11T22:10:26.03597205Z
01K9TGJZ4X61RMF15F8NVGC4PJ,01K9TG6EXGBQ4G6XZ3R8J93D2N,2025-11-11T22:29:07.357886611Z,01K9TG6EXX8QH6HVK7KKMCEBA2,2025-11-11T22:29:07.357886611Z,01K9TGBZBBN2VNM7XM1NFZDYSF,2025-11-11T22:29:07.357886611Z,01K9TGE95TZYN3K8FV3BD393P8,2025-11-11T22:29:07.357886611Z,01K9TGE97CCBC26ZAZG8T4N061,2025-11-11T22:29:07.357886611Z,true,2025-11-11T22:29:19.191235711Z
