id,batchID,batchIDLastChangedAt,decision,decisionLastChangedAt,gameID,gameIDLastChangedAt,playerID,playerIDLastChangedAt,roundID,roundIDLastChangedAt,score,scoreLastChangedAt
01K9TFF0C6T52BNGW9T50NRSFV,01K9TE9T6GRQ5KWPW9N4YQG3VB,2025-11-11T22:09:28.966338665Z,B,2025-11-11T22:09:40.93385479Z,01K9TE9T75JFGS09NGQYAMHPA6,2025-11-11T22:09:28.966338665Z,01K9TFD8YPZ9SMW3BFYATD0C3Y,2025-11-11T22:09:28.966338665Z,01K9TFE5APXVX1ZA58BHC2M9N4,2025-11-11T22:09:28.966338665Z,20,2025-11-11T22:09:40.946351135Z
01K9TGZ5RZZTB0N9PSG4H1EN0C,01K9TG836P0GZ79TTG0H44E12V,2025-11-11T22:35:47.359175082Z,C,2025-11-11T22:35:49.06643547Z,01K9TG8370531XP7CM1VPEH59N,2025-11-11T22:35:47.359175082Z,01K9TGGPCVJQM3MBG61HJ65C1A,2025-11-11T22:35:47.359175082Z,01K9TGMA4X601EMW9647JQ41X6,2025-11-11T22:35:47.359175082Z,8,2025-11-11T22:35:49.073952251Z
01K9TKG63AFFSYR84HQY3Y979F,01K9THEXEQ7CHCVV4RW5S1TPVJ,2025-11-11T23:20:01.898642322Z,C,2025-11-11T23:20:02.96839984Z,01K9THEXF5K25GF7E1BF0H3VE3,2025-11-11T23:20:01.898642322Z,01K9TK4NDHZWVR3YP5F8QC9TTB,2025-11-11T23:20:01.898642322Z,01K9TK4Q9A3QVYJRYMH72BQ6JG,2025-11-11T23:20:01.898642322Z,18,2025-11-11T23:20:12.365861128Z
01K9TGPFFK2CQZ21V2P0KTME4T,01K9TG6EXGBQ4G6XZ3R8J93D2N,2025-11-11T22:31:02.387366664Z,C,2025-11-11T22:31:04.537265074Z,01K9TG6EXX8QH6HVK7KKMCEBA2,2025-11-11T22:31:02.387366664Z,01K9TGBZBBN2VNM7XM1NFZDYSF,2025-11-11T22:31:02.387366664Z,01K9TGE95PTGDR7QAVZDS4EY5Z,2025-11-11T22:31:02.387366664Z,8,2025-11-11T22:31:04.545654406Z
01K9TGZ0RCG8GQDRQPBCDZXE4T,01K9TG836P0GZ79TTG0H44E12V,2025-11-11T22:35:42.220335892Z,D,2025-11-11T22:35:43.547120767Z,01K9TG8370531XP7CM1VPEH59N,2025-11-11T22:35:42.220335892Z,01K9TGGKH3RZNNHKBW34D0VAVW,2025-11-11T22:35:42.220335892Z,01K9TGMA4YRTX1CB3XW5PQC1GB,2025-11-11T22:35:42.220335892Z,1,2025-11-11T22:35:45.510937123Z
01K9TK9WQ4QDPG0PAM0CE1YX3D,01K9THEXEQ7CHCVV4RW5S1TPVJ,2025-11-11T23:16:35.685141547Z,D,2025-11-11T23:17:27.85790905Z,01K9THEXF5K25GF7E1BF0H3VE3,2025-11-11T23:16:35.685141547Z,01K9TK0BPW384MW0TTYHAFJAGS,2025-11-11T23:16:35.685141547Z,01K9TK4Q8VYH1J4FFGCP3S064V,2025-11-11T23:16:35.685141547Z,41,2025-11-11T23:17:27.871230711Z
01K9TKEEV1THP1C3Y8HMNG88CM,01K9THEXEQ7CHCVV4RW5S1TPVJ,2025-11-11T23:19:05.313654352Z,D,2025-11-11T23:19:12.600594157Z,01K9THEXF5K25GF7E1BF0H3VE3,2025-11-11T23:19:05.313654352Z,01K9TK0BPW384MW0TTYHAFJAGS,2025-11-11T23:19:05.313654352Z,01K9TK4Q9B42RC6PM2BPCADA6C,2025-11-11T23:19:05.313654352Z,41,2025-11-11T23:19:12.614073301Z
01K9TKSE3EB0S46SC9GPN24NP1,01K9TKHWPQ1CHEHQDB7EFMGZ28,2025-11-11T23:25:05.006809577Z,C,2025-11-11T23:25:08.322598663Z,01K9TKHWQ56744C1WB3KR2S98C,2025-11-11T23:25:05.006809577Z,01K9TKK4NBAYWV8NPZGBH70SCA,2025-11-11T23:25:05.006809577Z,01K9TKSD4DTPTKV3T447J8DQ4T,2025-11-11T23:25:05.006809577Z,48,2025-11-11T23:25:27.076233859Z
01K9TKTY2DYNJ1AWVDTZT8WKSW,01K9TKHWPQ1CHEHQDB7EFMGZ28,2025-11-11T23:25:54.125851313Z,C,2025-11-11T23:25:54.895022251Z,01K9TKHWQ56744C1WB3KR2S98C,2025-11-11T23:25:54.125851313Z,01K9TKQNK6BGH083BS225HDXX4,2025-11-11T23:25:54.125851313Z,01K9TKSD4R0JQWFFN7WQ57XYYY,2025-11-11T23:25:54.125851313Z,8,2025-11-11T23:25:54.904760001Z
01K9TFGH6793TD5PYPSR3C9RSR,01K9TE9T6GRQ5KWPW9N4YQG3VB,2025-11-11T22:10:18.951520455Z,C,2025-11-11T22:10:20.046422441Z,01K9TE9T75JFGS09NGQYAMHPA6,2025-11-11T22:10:18.951520455Z,01K9TF6B432JB2S4GXCA1X1A8D,2025-11-11T22:10:18.951520455Z,01K9TFE5AW4GN01A5ZJMB7A31A,2025-11-11T22:10:18.951520455Z,8,2025-11-11T22:10:23.273120055Z
01K9TFH28SQTEHXHBG6JW71QZV,01K9TE9T6GRQ5KWPW9N4YQG3VB,2025-11-11T22:10:36.441146905Z,D,2025-11-11T22:10:37.528105812Z,01K9TE9T75JFGS09NGQYAMHPA6,2025-11-11T22:10:36.441146905Z,01K9TF6B432JB2S4GXCA1X1A8D,2025-11-11T22:10:36.441146905Z,01K9TFE5AT6K45GQK4SCHXAB74,2025-11-11T22:10:36.441146905Z,1,2025-11-11T22:10:37.980068985Z
01K9TK4QSKW5ZG65084M6XD0BF,01K9THEXEQ7CHCVV4RW5S1TPVJ,2025-11-11T23:13:46.803590722Z,D,2025-11-11T23:15:11.407368875Z,01K9THEXF5K25GF7E1BF0H3VE3,2025-11-11T23:13:46.803590722Z,01K9TK0BPW384MW0TTYHAFJAGS,2025-11-11T23:13:46.803590722Z,01K9TK4Q8R0KKXRE0RG0XBVAZ3,2025-11-11T23:13:46.803590722Z,1,2025-11-11T23:15:11.419653459Z
01K9TGMGS1JVAJPTADY0D5W10S,01K9TG6EXGBQ4G6XZ3R8J93D2N,2025-11-11T22:29:58.177400057Z,C,2025-11-11T22:29:59.360966975Z,01K9TG6EXX8QH6HVK7KKMCEBA2,2025-11-11T22:29:58.177400057Z,01K9TG7YYY4ZBCWC5KXYY0TVH7,2025-11-11T22:29:58.177400057Z,01K9TGE95FS1V1B4EYHAQRBGA6,2025-11-11T22:29:58.177400057Z,48,2025-11-11T22:30:04.210386915Z
01K9TGMSQYPS2MQ94TB6NECRTC,01K9TG6EXGBQ4G6XZ3R8J93D2N,2025-11-11T22:30:07.358771033Z,D,2025-11-11T22:30:08.592460794Z,01K9TG6EXX8QH6HVK7KKMCEBA2,2025-11-11T22:30:07.358771033Z,01K9TG7YYY4ZBCWC5KXYY0TVH7,2025-11-11T22:30:07.358771033Z,01K9TGE95GCTZ256T5MN7QQ314,2025-11-11T22:30:07.358771033Z,41,2025-11-11T22:30:11.709481413Z
01K9TGZK5X493NB6W6HJQSA22M,01K9TG836P0GZ79TTG0H44E12V,2025-11-11T22:36:01.085857162Z,D,2025-11-11T22:36:02.132422342Z,01K9TG8370531XP7CM1VPEH59N,2025-11-11T22:36:01.085857162Z,01K9TGGKH3RZNNHKBW34D0VAVW,2025-11-11T22:36:01.085857162Z,01K9TGMA4TG6Z70H84KFN62YMP,2025-11-11T22:36:01.085857162Z,1,2025-11-11T22:36:03.323604086Z
01K9TKTDAAFQGZ5XWKFWMMNKNH,01K9TKHWPQ1CHEHQDB7EFMGZ28,2025-11-11T23:25:36.970553188Z,B,2025-11-11T23:25:38.373249558Z,01K9TKHWQ56744C1WB3KR2S98C,2025-11-11T23:25:36.970553188Z,01K9TKK4NBAYWV8NPZGBH70SCA,2025-11-11T23:25:36.970553188Z,01K9TKSD4MPZHVQ4TYTPSGSEPW,2025-11-11T23:25:36.970553188Z,20,2025-11-11T23:25:39.300667391Z
01K9TGP6BN8Z4EVHYPZFJY8SYT,01K9TG6EXGBQ4G6XZ3R8J93D2N,2025-11-11T22:30:53.045414113Z,D,2025-11-11T22:30:55.440444079Z,01K9TG6EXX8QH6HVK7KKMCEBA2,2025-11-11T22:30:53.045414113Z,01K9TGBZBBN2VNM7XM1NFZDYSF,2025-11-11T22:30:53.045414113Z,01K9TGE95JNQ1S8FDV6A65J8R1,2025-11-11T22:30:53.045414113Z,41,2025-11-11T22:30:55.470822369Z
01K9TGVG3E5AG1ZCCBMP8NPJ05,01K9TG836P0GZ79TTG0H44E12V,2025-11-11T22:33:46.862403173Z,A,2025-11-11T22:34:38.287104286Z,01K9TG8370531XP7CM1VPEH59N,2025-11-11T22:33:46.862403173Z,01K9TGGPCVJQM3MBG61HJ65C1A,2025-11-11T22:33:46.862403173Z,01K9TGMA502KKF27JY9856VXT9,2025-11-11T22:33:46.862403173Z,20,2025-11-11T22:34:38.304759752Z
01K9TGXAVPDDCRH0CQ3GGH008P,01K9TG836P0GZ79TTG0H44E12V,2025-11-11T22:34:47.030440571Z,A,2025-11-11T22:34:48.979440008Z,01K9TG8370531XP7CM1VPEH59N,2025-11-11T22:34:47.030440571Z,01K9TGGPCVJQM3MBG61HJ65C1A,2025-11-11T22:34:47.030440571Z,01K9TGMA4Z9MQARMEXBRY5H970,2025-11-11T22:34:47.030440571Z,20,2025-11-11T22:34:56.873277434Z
01K9TGZ5RZZTB0N9PSGD14Y716,01K9TG836P0GZ79TTG0H44E12V,2025-11-11T22:35:47.359728358Z,D,2025-11-11T22:35:48.277518226Z,01K9TG8370531XP7CM1VPEH59N,2025-11-11T22:35:47.359728358Z,01K9TGGKH3RZNNHKBW34D0VAVW,2025-11-11T22:35:47.359728358Z,01K9TGMA4X601EMW9647JQ41X6,2025-11-11T22:35:47.359728358Z,1,2025-11-11T22:35:49.073952251Z
01K9TKTH2F003454A84D16N9KB,01K9TKHWPQ1CHEHQDB7EFMGZ28,2025-11-11T23:25:40.815154524Z,C,2025-11-11T23:25:46.387921732Z,01K9TKHWQ56744C1WB3KR2S98C,2025-11-11T23:25:40.815154524Z,01K9TKQNK6BGH083BS225HDXX4,2025-11-11T23:25:40.815154524Z,01K9TKSD4MPZHVQ4TYT6EEEJ3G,2025-11-11T23:25:40.815154524Z,8,2025-11-11T23:25:46.401386736Z
01K9TGJZ46XH49JTVJFZR7MY1F,01K9TG6EXGBQ4G6XZ3R8J93D2N,2025-11-11T22:29:07.334565279Z,D,2025-11-11T22:29:08.67941713Z,01K9TG6EXX8QH6HVK7KKMCEBA2,2025-11-11T22:29:07.334565279Z,01K9TG7YYY4ZBCWC5KXYY0TVH7,2025-11-11T22:29:07.334565279Z,01K9TGE95TZYN3K8FV3BD393P8,2025-11-11T22:29:07.334565279Z,41,2025-11-11T22:29:19.201564192Z
01K9TKFT72M3DYMVPZ1DRTHP4Q,01K9THEXEQ7CHCVV4RW5S1TPVJ,2025-11-11T23:19:49.730827345Z,C,2025-11-11T23:19:57.856907941Z,01K9THEXF5K25GF7E1BF0H3VE3,2025-11-11T23:19:49.730827345Z,01K9TK0BPW384MW0TTYHAFJAGS,2025-11-11T23:19:49.730827345Z,01K9TK4Q96MKZEJYNZPX906Z9Y,2025-11-11T23:19:49.730827345Z,48,2025-11-11T23:19:57.874371931Z
01K9TKGYPMRGK01H1CJA51RTH6,01K9THEXEQ7CHCVV4RW5S1TPVJ,2025-11-11T23:20:27.092476452Z,D,2025-11-11T23:20:32.41935531Z,01K9THEXF5K25GF7E1BF0H3VE3,2025-11-11T23:20:27.092476452Z,01K9TK0BPW384MW0TTYHAFJAGS,2025-11-11T23:20:27.092476452Z,01K9TK4Q946BQG8W4TG8THRRWM,2025-11-11T23:20:27.092476452Z,1,2025-11-11T23:20:32.432337405Z
01K9TKTY2ABBPDR2YB6VHV6HZG,01K9TKHWPQ1CHEHQDB7EFMGZ28,2025-11-11T23:25:54.122816774Z,D,2025-11-11T23:25:54.827192384Z,01K9TKHWQ56744C1WB3KR2S98C,2025-11-11T23:25:54.122816774Z,01K9TKK4NBAYWV8NPZGBH70SCA,2025-11-11T23:25:54.122816774Z,01K9TKSD4R0JQWFFN7WQ57XYYY,2025-11-11T23:25:54.122816774Z,1,2025-11-11T23:25:54.904760001Z
01K9TFH96KB7DF9NGN99ZQ8DF9,01K9TE9T6GRQ5KWPW9N4YQG3VB,2025-11-11T22:10:43.539072543Z,C,2025-11-11T22:10:45.05513024Z,01K9TE9T75JFGS09NGQYAMHPA6,2025-11-11T22:10:43.539072543Z,01K9TFD8YPZ9SMW3BFYATD0C3Y,2025-11-11T22:10:43.539072543Z,01K9TFE5AY8V27C3FQFK4M8FAK,2025-11-11T22:10:43.539072543Z,8,2025-11-11T22:10:45.118758324Z
01K9TFH96KB7DF9NGN9QVQ1YJ6,01K9TE9T6GRQ5KWPW9N4YQG3VB,2025-11-11T22:10:43.539438233Z,D,2025-11-11T22:10:44.332965756Z,01K9TE9T75JFGS09NGQYAMHPA6,2025-11-11T22:10:43.539438233Z,01K9TF6B432JB2S4GXCA1X1A8D,2025-11-11T22:10:43.539438233Z,01K9TFE5AY8V27C3FQFK4M8FAK,2025-11-11T22:10:43.539438233Z,1,2025-11-11T22:10:45.118758324Z
01K9TGKEE2F4RPDX140300NQ99,01K9TG6EXGBQ4G6XZ3R8J93D2N,2025-11-11T22:29:23.01031278Z,B,2025-11-11T22:29:51.542854174Z,01K9TG6EXX8QH6HVK7KKMCEBA2,2025-11-11T22:29:23.01031278Z,01K9TGBZBBN2VNM7XM1NFZDYSF,2025-11-11T22:29:23.01031278Z,01K9TGE95PTGDR7QAVZXY8WJJ0,2025-11-11T22:29:23.01031278Z,20,2025-11-11T22:29:52.310247133Z
01K9TGMZYTRAFX6HS3JGM4XV3M,01K9TG6EXGBQ4G6XZ3R8J93D2N,2025-11-11T22:30:13.722968104Z,D,2025-11-11T22:30:18.87951794Z,01K9TG6EXX8QH6HVK7KKMCEBA2,2025-11-11T22:30:13.722968104Z,01K9TGBZBBN2VNM7XM1NFZDYSF,2025-11-11T22:30:13.722968104Z,01K9TGE95GCTZ256T5N3SQW9GM,2025-11-11T22:30:13.722968104Z,1,2025-11-11T22:30:18.897046422Z
01K9TGV3A2QY2D500S5HC1JDD5,01K9TG836P0GZ79TTG0H44E12V,2025-11-11T22:33:33.762405736Z,D,2025-11-11T22:33:39.663654491Z,01K9TG8370531XP7CM1VPEH59N,2025-11-11T22:33:33.762405736Z,01K9TGGKH3RZNNHKBW34D0VAVW,2025-11-11T22:33:33.762405736Z,01K9TGMA51WM1FT5H4XQCPH7M4,2025-11-11T22:33:33.762405736Z,11,2025-11-11T22:33:39.67621885Z
01K9TKD156WM7JMZRPHCFJZ8RM,01K9THEXEQ7CHCVV4RW5S1TPVJ,2025-11-11T23:18:18.535025172Z,C,2025-11-11T23:18:32.182831649Z,01K9THEXF5K25GF7E1BF0H3VE3,2025-11-11T23:18:18.535025172Z,01K9TK0BPW384MW0TTYHAFJAGS,2025-11-11T23:18:18.535025172Z,01K9TK4Q9CGHXAKV5SVTFAQVVB,2025-11-11T23:18:18.535025172Z,8,2025-11-11T23:18:32.197075167Z
01K9TKGYPNXN2EKYK7ETANJ10N,01K9THEXEQ7CHCVV4RW5S1TPVJ,2025-11-11T23:20:27.093427011Z,C,2025-11-11T23:20:28.016314841Z,01K9THEXF5K25GF7E1BF0H3VE3,2025-11-11T23:20:27.093427011Z,01K9TK4NDHZWVR3YP5F8QC9TTB,2025-11-11T23:20:27.093427011Z,01K9TK4Q946BQG8W4TG8THRRWM,2025-11-11T23:20:27.093427011Z,8,2025-11-11T23:20:32.432337405Z
01K9TFF0C5HSJHN9WNHE9Z6DST,01K9TE9T6GRQ5KWPW9N4YQG3VB,2025-11-11T22:09:28.965996562Z,D,2025-11-11T22:09:32.461663114Z,01K9TE9T75JFGS09NGQYAMHPA6,2025-11-11T22:09:28.965996562Z,01K9TF6B432JB2S4GXCA1X1A8D,2025-11-11T22:09:28.965996562Z,01K9TFE5APXVX1ZA58BHC2M9N4,2025-11-11T22:09:28.965996562Z,11,2025-11-11T22:09:40.946351135Z
01K9TGZFD6SHE80X6Y6QNYQDH1,01K9TG836P0GZ79TTG0H44E12V,2025-11-11T22:35:57.22274323Z,C,2025-11-11T22:35:59.332971731Z,01K9TG8370531XP7CM1VPEH59N,2025-11-11T22:35:57.22274323Z,01K9TGGPCVJQM3MBG61HJ65C1A,2025-11-11T22:35:57.22274323Z,01K9TGMA4TG6Z70H84KV7ER18B,2025-11-11T22:35:57.22274323Z,8,2025-11-11T22:35:59.348637505Z
01K9TKV1PQX62BXYED5ECDD7AJ,01K9TKHWPQ1CHEHQDB7EFMGZ28,2025-11-11T23:25:57.847054732Z,D,2025-11-11T23:25:58.444077696Z,01K9TKHWQ56744C1WB3KR2S98C,2025-11-11T23:25:57.847054732Z,01K9TKK4NBAYWV8NPZGBH70SCA,2025-11-11T23:25:57.847054732Z,01K9TKSD4Q838QWDGNNDP2D7W3,2025-11-11T23:25:57.847054732Z,1,2025-11-11T23:25:58.688794719Z
01K9TFGQ7FHQM2JEP1KQY69J4D,01K9TE9T6GRQ5KWPW9N4YQG3VB,2025-11-11T22:10:25.135667012Z,C,2025-11-11T22:10:30.023643738Z,01K9TE9T75JFGS09NGQYAMHPA6,2025-11-11T22:10:25.135667012Z,01K9TFD8YPZ9SMW3BFYATD0C3Y,2025-11-11T22:10:25.135667012Z,01K9TFE5AXCV451BQCZ0W1V8RR,2025-11-11T22:10:25.135667012Z,8,2025-11-11T22:10:30.034981397Z
01K9TGZCQJAJP8V4V6WQPKE8BT,01K9TG836P0GZ79TTG0H44E12V,2025-11-11T22:35:54.482399746Z,D,2025-11-11T22:35:55.555464102Z,01K9TG8370531XP7CM1VPEH59N,2025-11-11T22:35:54.482399746Z,01K9TGGKH3RZNNHKBW34D0VAVW,2025-11-11T22:35:54.482399746Z,01K9TGMA4VG9WMXA9ECCASRFH8,2025-11-11T22:35:54.482399746Z,1,2025-11-11T22:35:55.756642416Z
01K9TK4QSNTMAR3FS4THCGN6BZ,01K9THEXEQ7CHCVV4RW5S1TPVJ,2025-11-11T23:13:46.805250759Z,C,2025-11-11T23:13:49.07872915Z,01K9THEXF5K25GF7E1BF0H3VE3,2025-11-11T23:13:46.805250759Z,01K9TK4NDHZWVR3YP5F8QC9TTB,2025-11-11T23:13:46.805250759Z,01K9TK4Q8R0KKXRE0RG0XBVAZ3,2025-11-11T23:13:46.805250759Z,8,2025-11-11T23:15:11.419653459Z
01K9TKTR49216ZHAG1C552BNH7,01K9TKHWPQ1CHEHQDB7EFMGZ28,2025-11-11T23:25:48.0413548Z,D,2025-11-11T23:25:48.954301239Z,01K9TKHWQ56744C1WB3KR2S98C,2025-11-11T23:25:48.0413548Z,01K9TKK4NBAYWV8NPZGBH70SCA,2025-11-11T23:25:48.0413548Z,01K9TKSD4K21VP11X04TQB77K1,2025-11-11T23:25:48.0413548Z,1,2025-11-11T23:25:49.717498289Z
01K9TGJKZG9RMZ3S8G2MT187NM,01K9TG6EXGBQ4G6XZ3R8J93D2N,2025-11-11T22:28:55.920901668Z,C,2025-11-11T22:28:57.354659003Z,01K9TG6EXX8QH6HVK7KKMCEBA2,2025-11-11T22:28:55.920901668Z,01K9TG7YYY4ZBCWC5KXYY0TVH7,2025-11-11T22:28:55.920901668Z,01K9TGE95CE02K3TBKMJ95ZGJ2,2025-11-11T22:28:55.920901668Z,18,2025-11-11T22:29:03.04972751Z
01K9TGQ9WMBDSNJV07E07FJC59,01K9TG6EXGBQ4G6XZ3R8J93D2N,2025-11-11T22:31:29.428555372Z,D,2025-11-11T22:31:30.601720144Z,01K9TG6EXX8QH6HVK7KKMCEBA2,2025-11-11T22:31:29.428555372Z,01K9TG7YYY4ZBCWC5KXYY0TVH7,2025-11-11T22:31:29.428555372Z,01K9TGE95KNP2XPZSGVBCDS945,2025-11-11T22:31:29.428555372Z,1,2025-11-11T22:31:30.963883549Z
01K9TGTMH0PYTYJ7V8PFFMTS44,01K9TG836P0GZ79TTG0H44E12V,2025-11-11T22:33:18.624342699Z,C,2025-11-11T22:33:21.475682146Z,01K9TG8370531XP7CM1VPEH59N,2025-11-11T22:33:18.624342699Z,01K9TGGKH3RZNNHKBW34D0VAVW,2025-11-11T22:33:18.624342699Z,01K9TGMA4Q7H0VN9NMVWAP8QM8,2025-11-11T22:33:18.624342699Z,18,2025-11-11T22:33:24.858081774Z
01K9TKBQ7BAYVQV52DBZHERA3Y,01K9THEXEQ7CHCVV4RW5S1TPVJ,2025-11-11T23:17:35.595235793Z,C,2025-11-11T23:17:37.060207388Z,01K9THEXF5K25GF7E1BF0H3VE3,2025-11-11T23:17:35.595235793Z,01K9TK4NDHZWVR3YP5F8QC9TTB,2025-11-11T23:17:35.595235793Z,01K9TK4Q92RHQ9XCRXQX7ZK3NJ,2025-11-11T23:17:35.595235793Z,18,2025-11-11T23:17:49.053430048Z
01K9TKTR46QAQ1ZHZE56A3336K,01K9TKHWPQ1CHEHQDB7EFMGZ28,2025-11-11T23:25:48.038682341Z,C,2025-11-11T23:25:49.70354585Z,01K9TKHWQ56744C1WB3KR2S98C,2025-11-11T23:25:48.038682341Z,01K9TKQNK6BGH083BS225HDXX4,2025-11-11T23:25:48.038682341Z,01K9TKSD4K21VP11X04TQB77K1,2025-11-11T23:25:48.038682341Z,8,2025-11-11T23:25:49.717498289Z
01K9TGKEE1YRVQG8M195DWDYEK,01K9TG6EXGBQ4G6XZ3R8J93D2N,2025-11-11T22:29:23.009117977Z,D,2025-11-11T22:29:25.478863079Z,01K9TG6EXX8QH6HVK7KKMCEBA2,2025-11-11T22:29:23.009117977Z,01K9TG7YYY4ZBCWC5KXYY0TVH7,2025-11-11T22:29:23.009117977Z,01K9TGE95PTGDR7QAVZXY8WJJ0,2025-11-11T22:29:23.009117977Z,11,2025-11-11T22:29:52.310247133Z
01K9TGZ9MYMDYP1B4WMZAJRHW3,01K9TG836P0GZ79TTG0H44E12V,2025-11-11T22:35:51.326268014Z,C,2025-11-11T22:35:52.947119146Z,01K9TG8370531XP7CM1VPEH59N,2025-11-11T22:35:51.326268014Z,01K9TGGPCVJQM3MBG61HJ65C1A,2025-11-11T22:35:51.326268014Z,01K9TGMA4W5P644FDTK1K5MWZN,2025-11-11T22:35:51.326268014Z,8,2025-11-11T22:35:52.955415059Z
01K9TKV4P8QNSAVR77K8SZ10YG,01K9TKHWPQ1CHEHQDB7EFMGZ28,2025-11-11T23:26:00.904504568Z,D,2025-11-11T23:26:01.579615113Z,01K9TKHWQ56744C1WB3KR2S98C,2025-11-11T23:26:00.904504568Z,01K9TKK4NBAYWV8NPZGBH70SCA,2025-11-11T23:26:00.904504568Z,01K9TKSD4PCDDJ1PJ971V5YATE,2025-11-11T23:26:00.904504568Z,1,2025-11-11T23:26:02.118630416Z
01K9TGPMDFAV86RC9FEBWXC1FE,01K9TG6EXGBQ4G6XZ3R8J93D2N,2025-11-11T22:31:07.439633205Z,C,2025-11-11T22:31:26.774480877Z,01K9TG6EXX8QH6HVK7KKMCEBA2,2025-11-11T22:31:07.439633205Z,01K9TGBZBBN2VNM7XM1NFZDYSF,2025-11-11T22:31:07.439633205Z,01K9TGE95E94ZEKZD23TRVWN2T,2025-11-11T22:31:07.439633205Z,8,2025-11-11T22:31:26.799573817Z
01K9TKV1PSXVNZFBQQPWEHCZDH,01K9TKHWPQ1CHEHQDB7EFMGZ28,2025-11-11T23:25:57.849920639Z,C,2025-11-11T23:25:58.67512615Z,01K9TKHWQ56744C1WB3KR2S98C,2025-11-11T23:25:57.849920639Z,01K9TKQNK6BGH083BS225HDXX4,2025-11-11T23:25:57.849920639Z,01K9TKSD4Q838QWDGNNDP2D7W3,2025-11-11T23:25:57.849920639Z,8,2025-11-11T23:25:58.688794719Z
01K9TFGQ7FHQM2JEP1KFV63V3G,01K9TE9T6GRQ5KWPW9N4YQG3VB,2025-11-11T22:10:25.135293147Z,D,2025-11-11T22:10:26.035154822Z,01K9TE9T75JFGS09NGQYAMHPA6,2025-11-11T22:10:25.135293147Z,01K9TF6B432JB2S4GXCA1X1A8D,2025-11-11T22:10:25.135293147Z,01K9TFE5AXCV451BQCZ0W1V8RR,2025-11-11T22:10:25.135293147Z,1,2025-11-11T22:10:30.034981397Z
01K9TGJKZKNTG320R39DDGYWGK,01K9TG6EXGBQ4G6XZ3R8J93D2N,2025-11-11T22:28:55.923959661Z,B,2025-11-11T22:29:03.034964875Z,01K9TG6EXX8QH6HVK7KKMCEBA2,2025-11-11T22:28:55.923959661Z,01K9TGBZBBN2VNM7XM1NFZDYSF,2025-11-11T22:28:55.923959661Z,01K9TGE95CE02K3TBKMJ95ZGJ2,2025-11-11T22:28:55.923959661Z,20,2025-11-11T22:29:03.04972751Z
01K9TGMAZKFSHT2V1SEGDHR30M,01K9TG836P0GZ79TTG0H44E12V,2025-11-11T22:29:52.244012Z,D,2025-11-11T22:29:53.594237913Z,01K9TG8370531XP7CM1VPEH59N,2025-11-11T22:29:52.244012Z,01K9TGGKH3RZNNHKBW34D0VAVW,2025-11-11T22:29:52.244012Z,01K9TGMA4KBJ6YJHJ5A7VXMH0J,2025-11-11T22:29:52.244012Z,11,2025-11-11T22:33:10.78851311Z
01K9TGTMH24V5QASE4QY6VRVQ7,01K9TG836P0GZ79TTG0H44E12V,2025-11-11T22:33:18.626094239Z,A,2025-11-11T22:33:24.844215974Z,01K9TG8370531XP7CM1VPEH59N,2025-11-11T22:33:18.626094239Z,01K9TGGPCVJQM3MBG61HJ65C1A,2025-11-11T22:33:18.626094239Z,01K9TGMA4Q7H0VN9NMVWAP8QM8,2025-11-11T22:33:18.626094239Z,20,2025-11-11T22:33:24.858081774Z
01K9TFE5SMF0FTTMVW7JPJK479,01K9TE9T6GRQ5KWPW9N4YQG3VB,2025-11-11T22:09:01.748330464Z,D,2025-11-11T22:09:06.75498891Z,01K9TE9T75JFGS09NGQYAMHPA6,2025-11-11T22:09:01.748330464Z,01K9TF6B432JB2S4GXCA1X1A8D,2025-11-11T22:09:01.748330464Z,01K9TFE5AJYTJ90KNXHC4QWS9W,2025-11-11T22:09:01.748330464Z,41,2025-11-11T22:09:25.356314776Z
01K9TFHCDTM1P0FDQ42J87VW6N,01K9TE9T6GRQ5KWPW9N4YQG3VB,2025-11-11T22:10:46.842647489Z,D,2025-11-11T22:10:48.090700262Z,01K9TE9T75JFGS09NGQYAMHPA6,2025-11-11T22:10:46.842647489Z,01K9TFD8YPZ9SMW3BFYATD0C3Y,2025-11-11T22:10:46.842647489Z,01K9TFE5ASTVVMV20PHS99GGHC,2025-11-11T22:10:46.842647489Z,1,2025-11-11T22:10:48.153358528Z
01K9TGP6BJ2Y41R61WPTFT46SK,01K9TG6EXGBQ4G6XZ3R8J93D2N,2025-11-11T22:30:53.043041372Z,D,2025-11-11T22:30:55.461292561Z,01K9TG6EXX8QH6HVK7KKMCEBA2,2025-11-11T22:30:53.043041372Z,01K9TG7YYY4ZBCWC5KXYY0TVH7,2025-11-11T22:30:53.043041372Z,01K9TGE95JNQ1S8FDV6A65J8R1,2025-11-11T22:30:53.043041372Z,41,2025-11-11T22:30:55.470822369Z
01K9TGQ9WP1KE7K36GTE5WTNVG,01K9TG6EXGBQ4G6XZ3R8J93D2N,2025-11-11T22:31:29.430998587Z,C,2025-11-11T22:31:30.936696684Z,01K9TG6EXX8QH6HVK7KKMCEBA2,2025-11-11T22:31:29.430998587Z,01K9TGBZBBN2VNM7XM1NFZDYSF,2025-11-11T22:31:29.430998587Z,01K9TGE95KNP2XPZSGVBCDS945,2025-11-11T22:31:29.430998587Z,8,2025-11-11T22:31:30.963883549Z
01K9TKT6FEZG4V9QNK7B2PN2W3,01K9TKHWPQ1CHEHQDB7EFMGZ28,2025-11-11T23:25:29.966413838Z,C,2025-11-11T23:25:32.909909753Z,01K9TKHWQ56744C1WB3KR2S98C,2025-11-11T23:25:29.966413838Z,01K9TKK4NBAYWV8NPZGBH70SCA,2025-11-11T23:25:29.966413838Z,01K9TKSD4JQR16AFAMWKEXHF94,2025-11-11T23:25:29.966413838Z,48,2025-11-11T23:25:35.25783023Z
01K9TKV6MADR52K51E459SQX9H,01K9TKHWPQ1CHEHQDB7EFMGZ28,2025-11-11T23:26:02.890887319Z,C,2025-11-11T23:26:03.668968789Z,01K9TKHWQ56744C1WB3KR2S98C,2025-11-11T23:26:02.890887319Z,01K9TKQNK6BGH083BS225HDXX4,2025-11-11T23:26:02.890887319Z,01K9TKSD4HFVA9PSW86GZ086VZ,2025-11-11T23:26:02.890887319Z,8,2025-11-11T23:26:03.68122199Z
01K9TFE5SNTCHWGA6HBRS921Z0,01K9TE9T6GRQ5KWPW9N4YQG3VB,2025-11-11T22:09:01.749953835Z,D,2025-11-11T22:09:25.342347299Z,01K9TE9T75JFGS09NGQYAMHPA6,2025-11-11T22:09:01.749953835Z,01K9TFD8YPZ9SMW3BFYATD0C3Y,2025-11-11T22:09:01.749953835Z,01K9TFE5AJYTJ90KNXHC4QWS9W,2025-11-11T22:09:01.749953835Z,41,2025-11-11T22:09:25.356314776Z
01K9TFG3T4M59XQ6V5BB6RSNTC,01K9TE9T6GRQ5KWPW9N4YQG3VB,2025-11-11T22:10:05.252055082Z,C,2025-11-11T22:10:06.380155061Z,01K9TE9T75JFGS09NGQYAMHPA6,2025-11-11T22:10:05.252055082Z,01K9TF6B432JB2S4GXCA1X1A8D,2025-11-11T22:10:05.252055082Z,01K9TFE5AXCV451BQCZJ4JH1GC,2025-11-11T22:10:05.252055082Z,8,2025-11-11T22:10:10.785201724Z
01K9TGMZYV3YGTM6VG3V7GRKGD,01K9TG6EXGBQ4G6XZ3R8J93D2N,2025-11-11T22:30:13.723701506Z,C,2025-11-11T22:30:16.131738264Z,01K9TG6EXX8QH6HVK7KKMCEBA2,2025-11-11T22:30:13.723701506Z,01K9TG7YYY4ZBCWC5KXYY0TVH7,2025-11-11T22:30:13.723701506Z,01K9TGE95GCTZ256T5N3SQW9GM,2025-11-11T22:30:13.723701506Z,8,2025-11-11T22:30:18.897046422Z
01K9TGPAW4CS14HG6CK24Q3X7Z,01K9TG6EXGBQ4G6XZ3R8J93D2N,2025-11-11T22:30:57.669007176Z,B,2025-11-11T22:30:59.986139662Z,01K9TG6EXX8QH6HVK7KKMCEBA2,2025-11-11T22:30:57.669007176Z,01K9TGBZBBN2VNM7XM1NFZDYSF,2025-11-11T22:30:57.669007176Z,01K9TGE95KNP2XPZSGTYS1D5E4,2025-11-11T22:30:57.669007176Z,20,2025-11-11T22:31:00.012127681Z
01K9TGZ9MWP4Z745G6ZA0DWZQG,01K9TG836P0GZ79TTG0H44E12V,2025-11-11T22:35:51.324486924Z,D,2025-11-11T22:35:52.532192075Z,01K9TG8370531XP7CM1VPEH59N,2025-11-11T22:35:51.324486924Z,01K9TGGKH3RZNNHKBW34D0VAVW,2025-11-11T22:35:51.324486924Z,01K9TGMA4W5P644FDTK1K5MWZN,2025-11-11T22:35:51.324486924Z,1,2025-11-11T22:35:52.955415059Z
01K9TKV8A7PCFCB44PJ1KHHDAP,01K9TKHWPQ1CHEHQDB7EFMGZ28,2025-11-11T23:26:04.615279875Z,C,2025-11-11T23:26:05.469312444Z,01K9TKHWQ56744C1WB3KR2S98C,2025-11-11T23:26:04.615279875Z,01K9TKQNK6BGH083BS225HDXX4,2025-11-11T23:26:04.615279875Z,01K9TKSD4NGMN4A7DPH9BC9HKR,2025-11-11T23:26:04.615279875Z,8,2025-11-11T23:26:05.48043544Z
01K9TFFSDBK5FGFXMV29A9NECM,01K9TE9T6GRQ5KWPW9N4YQG3VB,2025-11-11T22:09:54.603739872Z,C,2025-11-11T22:10:02.930104396Z,01K9TE9T75JFGS09NGQYAMHPA6,2025-11-11T22:09:54.603739872Z,01K9TFD8YPZ9SMW3BFYATD0C3Y,2025-11-11T22:09:54.603739872Z,01K9TFE5AZVKDZCPYNZ3N97SXC,2025-11-11T22:09:54.603739872Z,8,2025-11-11T22:10:02.946317409Z
01K9TFH28R5DD4A7JA7C2CA7CP,01K9TE9T6GRQ5KWPW9N4YQG3VB,2025-11-11T22:10:36.440769529Z,C,2025-11-11T22:10:37.966359069Z,01K9TE9T75JFGS09NGQYAMHPA6,2025-11-11T22:10:36.440769529Z,01K9TFD8YPZ9SMW3BFYATD0C3Y,2025-11-11T22:10:36.440769529Z,01K9TFE5AT6K45GQK4SCHXAB74,2025-11-11T22:10:36.440769529Z,8,2025-11-11T22:10:37.980068985Z
01K9TKC9A59GZG4Q02P3JSAE30,01K9THEXEQ7CHCVV4RW5S1TPVJ,2025-11-11T23:17:54.117487708Z,D,2025-11-11T23:17:55.30739624Z,01K9THEXF5K25GF7E1BF0H3VE3,2025-11-11T23:17:54.117487708Z,01K9TK4NDHZWVR3YP5F8QC9TTB,2025-11-11T23:17:54.117487708Z,01K9TK4Q8XVP701GFCQAGBA6XA,2025-11-11T23:17:54.117487708Z,41,2025-11-11T23:18:11.75813929Z
01K9TFGC2WHZPSYGH5GEGJ8ES2,01K9TE9T6GRQ5KWPW9N4YQG3VB,2025-11-11T22:10:13.724326826Z,C,2025-11-11T22:10:16.861088672Z,01K9TE9T75JFGS09NGQYAMHPA6,2025-11-11T22:10:13.724326826Z,01K9TFD8YPZ9SMW3BFYATD0C3Y,2025-11-11T22:10:13.724326826Z,01K9TFE5AXCV451BQCYG9CNGS5,2025-11-11T22:10:13.724326826Z,8,2025-11-11T22:10:16.883951912Z
01K9TGMGRZFSVVDNPKGX7T3YMY,01K9TG6EXGBQ4G6XZ3R8J93D2N,2025-11-11T22:29:58.175304628Z,C,2025-11-11T22:30:04.188683037Z,01K9TG6EXX8QH6HVK7KKMCEBA2,2025-11-11T22:29:58.175304628Z,01K9TGBZBBN2VNM7XM1NFZDYSF,2025-11-11T22:29:58.175304628Z,01K9TGE95FS1V1B4EYHAQRBGA6,2025-11-11T22:29:58.175304628Z,48,2025-11-11T22:30:04.210386915Z
01K9TGZK5ZXRRGRQYSZ18X8P46,01K9TG836P0GZ79TTG0H44E12V,2025-11-11T22:36:01.087862487Z,C,2025-11-11T22:36:03.314428572Z,01K9TG8370531XP7CM1VPEH59N,2025-11-11T22:36:01.087862487Z,01K9TGGPCVJQM3MBG61HJ65C1A,2025-11-11T22:36:01.087862487Z,01K9TGMA4TG6Z70H84KFN62YMP,2025-11-11T22:36:01.087862487Z,8,2025-11-11T22:36:03.323604086Z
01K9TKV4P63XB98PT0QH54TGQY,01K9TKHWPQ1CHEHQDB7EFMGZ28,2025-11-11T23:26:00.902131378Z,C,2025-11-11T23:26:02.103785376Z,01K9TKHWQ56744C1WB3KR2S98C,2025-11-11T23:26:00.902131378Z,01K9TKQNK6BGH083BS225HDXX4,2025-11-11T23:26:00.902131378Z,01K9TKSD4PCDDJ1PJ971V5YATE,2025-11-11T23:26:00.902131378Z,8,2025-11-11T23:26:02.118630416Z
01K9TGV3A3DNKEA4BSF5VE93T5,01K9TG836P0GZ79TTG0H44E12V,2025-11-11T22:33:33.763977527Z,A,2025-11-11T22:33:35.481137394Z,01K9TG8370531XP7CM1VPEH59N,2025-11-11T22:33:33.763977527Z,01K9TGGPCVJQM3MBG61HJ65C1A,2025-11-11T22:33:33.763977527Z,01K9TGMA51WM1FT5H4XQCPH7M4,2025-11-11T22:33:33.763977527Z,20,2025-11-11T22:33:39.67621885Z
01K9TGZCQHCQBY69JF8WP5RBNA,01K9TG836P0GZ79TTG0H44E12V,2025-11-11T22:35:54.481811587Z,C,2025-11-11T22:35:55.749273752Z,01K9TG8370531XP7CM1VPEH59N,2025-11-11T22:35:54.481811587Z,01K9TGGPCVJQM3MBG61HJ65C1A,2025-11-11T22:35:54.481811587Z,01K9TGMA4VG9WMXA9ECCASRFH8,2025-11-11T22:35:54.481811587Z,8,2025-11-11T22:35:55.756642416Z
01K9TGZFD6SHE80X6Y6EQDQX8S,01K9TG836P0GZ79TTG0H44E12V,2025-11-11T22:35:57.222216803Z,D,2025-11-11T22:35:57.866462373Z,01K9TG8370531XP7CM1VPEH59N,2025-11-11T22:35:57.222216803Z,01K9TGGKH3RZNNHKBW34D0VAVW,2025-11-11T22:35:57.222216803Z,01K9TGMA4TG6Z70H84KV7ER18B,2025-11-11T22:35:57.222216803Z,1,2025-11-11T22:35:59.348637505Z
01K9TGN954Y3PMEH0YZJX9E0DB,01K9TG6EXGBQ4G6XZ3R8J93D2N,2025-11-11T22:30:23.140577463Z,D,2025-11-11T22:30:49.679249547Z,01K9TG6EXX8QH6HVK7KKMCEBA2,2025-11-11T22:30:23.140577463Z,01K9TGBZBBN2VNM7XM1NFZDYSF,2025-11-11T22:30:23.140577463Z,01K9TGE95H93S43VD8W4ZX5JGE,2025-11-11T22:30:23.140577463Z,41,2025-11-11T22:30:49.886132729Z
01K9TGZ0RBV974FMFDEEWE1M75,01K9TG836P0GZ79TTG0H44E12V,2025-11-11T22:35:42.21923667Z,C,2025-11-11T22:35:45.498172051Z,01K9TG8370531XP7CM1VPEH59N,2025-11-11T22:35:42.21923667Z,01K9TGGPCVJQM3MBG61HJ65C1A,2025-11-11T22:35:42.21923667Z,01K9TGMA4YRTX1CB3XW5PQC1GB,2025-11-11T22:35:42.21923667Z,8,2025-11-11T22:35:45.510937123Z
01K9TKSE3G7WHPF6CZ8J8Y5WGC,01K9TKHWPQ1CHEHQDB7EFMGZ28,2025-11-11T23:25:05.008248457Z,C,2025-11-11T23:25:27.064704829Z,01K9TKHWQ56744C1WB3KR2S98C,2025-11-11T23:25:05.008248457Z,01K9TKQNK6BGH083BS225HDXX4,2025-11-11T23:25:05.008248457Z,01K9TKSD4DTPTKV3T447J8DQ4T,2025-11-11T23:25:05.008248457Z,48,2025-11-11T23:25:27.076233859Z
01K9TKTTRWQ7NY6BRE2CG28BRN,01K9TKHWPQ1CHEHQDB7EFMGZ28,2025-11-11T23:25:50.748987541Z,D,2025-11-11T23:25:51.990240427Z,01K9TKHWQ56744C1WB3KR2S98C,2025-11-11T23:25:50.748987541Z,01K9TKK4NBAYWV8NPZGBH70SCA,2025-11-11T23:25:50.748987541Z,01K9TKSD4S0WBY5DAR4CCHCV01,2025-11-11T23:25:50.748987541Z,1,2025-11-11T23:25:52.666889033Z
01K9TKV8A82VKDC57GK5HA8F9W,01K9TKHWPQ1CHEHQDB7EFMGZ28,2025-11-11T23:26:04.616051881Z,D,2025-11-11T23:26:05.152170168Z,01K9TKHWQ56744C1WB3KR2S98C,2025-11-11T23:26:04.616051881Z,01K9TKK4NBAYWV8NPZGBH70SCA,2025-11-11T23:26:04.616051881Z,01K9TKSD4NGMN4A7DPH9BC9HKR,2025-11-11T23:26:04.616051881Z,1,2025-11-11T23:26:05.48043544Z
01K9TFGY64VA81FYW14P3AQ2ZN,01K9TE9T6GRQ5KWPW9N4YQG3VB,2025-11-11T22:10:32.260318274Z,C,2025-11-11T22:10:33.227864517Z,01K9TE9T75JFGS09NGQYAMHPA6,2025-11-11T22:10:32.260318274Z,01K9TF6B432JB2S4GXCA1X1A8D,2025-11-11T22:10:32.260318274Z,01K9TFE5AVHDMA5704XATM570S,2025-11-11T22:10:32.260318274Z,8,2025-11-11T22:10:34.878714943Z
01K9TKC9A6XFY6BJP4ZBWT98EE,01K9THEXEQ7CHCVV4RW5S1TPVJ,2025-11-11T23:17:54.118438759Z,D,2025-11-11T23:18:11.745224657Z,01K9THEXF5K25GF7E1BF0H3VE3,2025-11-11T23:17:54.118438759Z,01K9TK0BPW384MW0TTYHAFJAGS,2025-11-11T23:17:54.118438759Z,01K9TK4Q8XVP701GFCQAGBA6XA,2025-11-11T23:17:54.118438759Z,41,2025-11-11T23:18:11.75813929Z
01K9TKF601YT2BPWWYWJBE2YQK,01K9THEXEQ7CHCVV4RW5S1TPVJ,2025-11-11T23:19:29.025468826Z,D,2025-11-11T23:19:45.075011156Z,01K9THEXF5K25GF7E1BF0H3VE3,2025-11-11T23:19:29.025468826Z,01K9TK0BPW384MW0TTYHAFJAGS,2025-11-11T23:19:29.025468826Z,01K9TK4Q9A3QVYJRYMHNV4BNTY,2025-11-11T23:19:29.025468826Z,41,2025-11-11T23:19:45.091596309Z
01K9TKH9FNREBF2MH0BEX715DJ,01K9THEXEQ7CHCVV4RW5S1TPVJ,2025-11-11T23:20:38.1339386Z,D,2025-11-11T23:20:44.354738349Z,01K9THEXF5K25GF7E1BF0H3VE3,2025-11-11T23:20:38.1339386Z,01K9TK0BPW384MW0TTYHAFJAGS,2025-11-11T23:20:38.1339386Z,01K9TK4Q91SS22TEFNVJ22QER1,2025-11-11T23:20:38.1339386Z,1,2025-11-11T23:20:44.368150668Z
01K9TFH5HGHX8JQ1DFKYRJD5G2,01K9TE9T6GRQ5KWPW9N4YQG3VB,2025-11-11T22:10:39.792067562Z,C,2025-11-11T22:10:40.605872213Z,01K9TE9T75JFGS09NGQYAMHPA6,2025-11-11T22:10:39.792067562Z,01K9TF6B432JB2S4GXCA1X1A8D,2025-11-11T22:10:39.792067562Z,01K9TFE5AR7VP2MYEA0GYCZV21,2025-11-11T22:10:39.792067562Z,8,2025-11-11T22:10:41.21276891Z
01K9TGXVECWQXAZEB3K9V77TA2,01K9TG836P0GZ79TTG0H44E12V,2025-11-11T22:35:04.012849409Z,D,2025-11-11T22:35:09.190234403Z,01K9TG8370531XP7CM1VPEH59N,2025-11-11T22:35:04.012849409Z,01K9TGGKH3RZNNHKBW34D0VAVW,2025-11-11T22:35:04.012849409Z,01K9TGMA4YRTX1CB3XWKQHV0F6,2025-11-11T22:35:04.012849409Z,1,2025-11-11T22:35:39.679047121Z
01K9TKF600W11ZAVB0YKF4SKVZ,01K9THEXEQ7CHCVV4RW5S1TPVJ,2025-11-11T23:19:29.024653449Z,D,2025-11-11T23:19:30.492276196Z,01K9THEXF5K25GF7E1BF0H3VE3,2025-11-11T23:19:29.024653449Z,01K9TK4NDHZWVR3YP5F8QC9TTB,2025-11-11T23:19:29.024653449Z,01K9TK4Q9A3QVYJRYMHNV4BNTY,2025-11-11T23:19:29.024653449Z,41,2025-11-11T23:19:45.091596309Z
01K9TKGPXNBV7JEYSH2535CJ1C,01K9THEXEQ7CHCVV4RW5S1TPVJ,2025-11-11T23:20:19.12537237Z,C,2025-11-11T23:20:20.345104439Z,01K9THEXF5K25GF7E1BF0H3VE3,2025-11-11T23:20:19.12537237Z,01K9TK4NDHZWVR3YP5F8QC9TTB,2025-11-11T23:20:19.12537237Z,01K9TK4Q99N9EHWWPQ7PMC3Y1R,2025-11-11T23:20:19.12537237Z,8,2025-11-11T23:20:22.797198071Z
01K9TKH9FM72525W3Z8K0FDJ3S,01K9THEXEQ7CHCVV4RW5S1TPVJ,2025-11-11T23:20:38.132970223Z,C,2025-11-11T23:20:39.073133346Z,01K9THEXF5K25GF7E1BF0H3VE3,2025-11-11T23:20:38.132970223Z,01K9TK4NDHZWVR3YP5F8QC9TTB,2025-11-11T23:20:38.132970223Z,01K9TK4Q91SS22TEFNVJ22QER1,2025-11-11T23:20:38.132970223Z,8,2025-11-11T23:20:44.368150668Z
01K9TFFG14CV1EHTDGNFMM9AFW,01K9TE9T6GRQ5KWPW9N4YQG3VB,2025-11-11T22:09:44.996285201Z,C,2025-11-11T22:09:47.269388873Z,01K9TE9T75JFGS09NGQYAMHPA6,2025-11-11T22:09:44.996285201Z,01K9TF6B432JB2S4GXCA1X1A8D,2025-11-11T22:09:44.996285201Z,01K9TFE5AY8V27C3FQG1XKA2XH,2025-11-11T22:09:44.996285201Z,8,2025-11-11T22:09:50.701407903Z
01K9TFGH680GRR5DEDPYQN2K6M,01K9TE9T6GRQ5KWPW9N4YQG3VB,2025-11-11T22:10:18.952532455Z,D,2025-11-11T22:10:23.26303261Z,01K9TE9T75JFGS09NGQYAMHPA6,2025-11-11T22:10:18.952532455Z,01K9TFD8YPZ9SMW3BFYATD0C3Y,2025-11-11T22:10:18.952532455Z,01K9TFE5AW4GN01A5ZJMB7A31A,2025-11-11T22:10:18.952532455Z,1,2025-11-11T22:10:23.273120055Z
01K9TFH5HGHX8JQ1DFM4P2R9MH,01K9TE9T6GRQ5KWPW9N4YQG3VB,2025-11-11T22:10:39.792464594Z,D,2025-11-11T22:10:41.202154408Z,01K9TE9T75JFGS09NGQYAMHPA6,2025-11-11T22:10:39.792464594Z,01K9TFD8YPZ9SMW3BFYATD0C3Y,2025-11-11T22:10:39.792464594Z,01K9TFE5AR7VP2MYEA0GYCZV21,2025-11-11T22:10:39.792464594Z,1,2025-11-11T22:10:41.21276891Z
01K9TGJZ489GG1E0JTNS533X4G,01K9TG6EXGBQ4G6XZ3R8J93D2N,2025-11-11T22:29:07.336440001Z,D,2025-11-11T22:29:19.188102559Z,01K9TG6EXX8QH6HVK7KKMCEBA2,2025-11-11T22:29:07.336440001Z,01K9TGBZBBN2VNM7XM1NFZDYSF,2025-11-11T22:29:07.336440001Z,01K9TGE95TZYN3K8FV3BD393P8,2025-11-11T22:29:07.336440001Z,41,2025-11-11T22:29:19.201564192Z
01K9TKTDACMDW2MXNB6PZDBSVN,01K9TKHWPQ1CHEHQDB7EFMGZ28,2025-11-11T23:25:36.97256539Z,C,2025-11-11T23:25:39.287868638Z,01K9TKHWQ56744C1WB3KR2S98C,2025-11-11T23:25:36.97256539Z,01K9TKQNK6BGH083BS225HDXX4,2025-11-11T23:25:36.97256539Z,01K9TKSD4MPZHVQ4TYTPSGSEPW,2025-11-11T23:25:36.97256539Z,18,2025-11-11T23:25:39.300667391Z
01K9TKTH2G80CBABQ4PR80C5JW,01K9TKHWPQ1CHEHQDB7EFMGZ28,2025-11-11T23:25:40.816279376Z,D,2025-11-11T23:25:41.865794829Z,01K9TKHWQ56744C1WB3KR2S98C,2025-11-11T23:25:40.816279376Z,01K9TKK4NBAYWV8NPZGBH70SCA,2025-11-11T23:25:40.816279376Z,01K9TKSD4MPZHVQ4TYT6EEEJ3G,2025-11-11T23:25:40.816279376Z,1,2025-11-11T23:25:46.401386736Z
01K9TGTZA5J4H1XHSZZNM61Y09,01K9TG836P0GZ79TTG0H44E12V,2025-11-11T22:33:29.669902197Z,D,2025-11-11T22:33:30.859680965Z,01K9TG8370531XP7CM1VPEH59N,2025-11-11T22:33:29.669902197Z,01K9TGGKH3RZNNHKBW34D0VAVW,2025-11-11T22:33:29.669902197Z,01K9TGMA52XBS9APGV64BGMJQ0,2025-11-11T22:33:29.669902197Z,11,2025-11-11T22:33:31.256028361Z
01K9TKDMEH915CC3N221VPCYAB,01K9THEXEQ7CHCVV4RW5S1TPVJ,2025-11-11T23:18:38.28953168Z,D,2025-11-11T23:18:39.261241349Z,01K9THEXF5K25GF7E1BF0H3VE3,2025-11-11T23:18:38.28953168Z,01K9TK4NDHZWVR3YP5F8QC9TTB,2025-11-11T23:18:38.28953168Z,01K9TK4Q9B42RC6PM2C4MZ9374,2025-11-11T23:18:38.28953168Z,11,2025-11-11T23:18:57.679012307Z
01K9TKV00S1R9ET9PP3R8BCBBC,01K9TKHWPQ1CHEHQDB7EFMGZ28,2025-11-11T23:25:56.121097478Z,D,2025-11-11T23:25:56.851486676Z,01K9TKHWQ56744C1WB3KR2S98C,2025-11-11T23:25:56.121097478Z,01K9TKK4NBAYWV8NPZGBH70SCA,2025-11-11T23:25:56.121097478Z,01K9TKSD4R0JQWFFN7W7Z5TYWK,2025-11-11T23:25:56.121097478Z,1,2025-11-11T23:25:56.861106841Z
01K9TGMSQZSHFD3M82Z4YTTKD9,01K9TG6EXGBQ4G6XZ3R8J93D2N,2025-11-11T22:30:07.360091461Z,D,2025-11-11T22:30:11.692609704Z,01K9TG6EXX8QH6HVK7KKMCEBA2,2025-11-11T22:30:07.360091461Z,01K9TGBZBBN2VNM7XM1NFZDYSF,2025-11-11T22:30:07.360091461Z,01K9TGE95GCTZ256T5MN7QQ314,2025-11-11T22:30:07.360091461Z,41,2025-11-11T22:30:11.709481413Z
01K9TGVG3CV8FB3DZY2FN429VN,01K9TG836P0GZ79TTG0H44E12V,2025-11-11T22:33:46.860923641Z,D,2025-11-11T22:33:50.735404689Z,01K9TG8370531XP7CM1VPEH59N,2025-11-11T22:33:46.860923641Z,01K9TGGKH3RZNNHKBW34D0VAVW,2025-11-11T22:33:46.860923641Z,01K9TGMA502KKF27JY9856VXT9,2025-11-11T22:33:46.860923641Z,11,2025-11-11T22:34:38.304759752Z
01K9TK9WQ68E6PVCKD322RR63M,01K9THEXEQ7CHCVV4RW5S1TPVJ,2025-11-11T23:16:35.686158076Z,D,2025-11-11T23:16:37.198620251Z,01K9THEXF5K25GF7E1BF0H3VE3,2025-11-11T23:16:35.686158076Z,01K9TK4NDHZWVR3YP5F8QC9TTB,2025-11-11T23:16:35.686158076Z,01K9TK4Q8VYH1J4FFGCP3S064V,2025-11-11T23:16:35.686158076Z,41,2025-11-11T23:17:27.871230711Z
01K9TFGC2WHZPSYGH5GYYE5TT9,01K9TE9T6GRQ5KWPW9N4YQG3VB,2025-11-11T22:10:13.724670541Z,D,2025-11-11T22:10:15.118941888Z,01K9TE9T75JFGS09NGQYAMHPA6,2025-11-11T22:10:13.724670541Z,01K9TF6B432JB2S4GXCA1X1A8D,2025-11-11T22:10:13.724670541Z,01K9TFE5AXCV451BQCYG9CNGS5,2025-11-11T22:10:13.724670541Z,1,2025-11-11T22:10:16.883951912Z
01K9TGEA122C6CSKCTHZ17JRQT,01K9TG6EXGBQ4G6XZ3R8J93D2N,2025-11-11T22:26:34.658704181Z,C,2025-11-11T22:28:49.201150355Z,01K9TG6EXX8QH6HVK7KKMCEBA2,2025-11-11T22:26:34.658704181Z,01K9TGBZBBN2VNM7XM1NFZDYSF,2025-11-11T22:26:34.658704181Z,01K9TGE959AXZTXPXV3CQY4XZC,2025-11-11T22:26:34.658704181Z,48,2025-11-11T22:28:49.220010149Z
01K9TGMAZNNV1FFZ1RY2Q2ZAHK,01K9TG836P0GZ79TTG0H44E12V,2025-11-11T22:29:52.245891391Z,A,2025-11-11T22:33:10.591184213Z,01K9TG8370531XP7CM1VPEH59N,2025-11-11T22:29:52.245891391Z,01K9TGGPCVJQM3MBG61HJ65C1A,2025-11-11T22:29:52.245891391Z,01K9TGMA4KBJ6YJHJ5A7VXMH0J,2025-11-11T22:29:52.245891391Z,20,2025-11-11T22:33:10.78851311Z
01K9TKV3A8D8MK6VYR7PHCE3M1,01K9TKHWPQ1CHEHQDB7EFMGZ28,2025-11-11T23:25:59.496519653Z,D,2025-11-11T23:26:00.05671965Z,01K9TKHWQ56744C1WB3KR2S98C,2025-11-11T23:25:59.496519653Z,01K9TKK4NBAYWV8NPZGBH70SCA,2025-11-11T23:25:59.496519653Z,01K9TKSD4Q838QWDGNMXFST2R1,2025-11-11T23:25:59.496519653Z,1,2025-11-11T23:26:00.243794241Z
01K9TGN952858PDRW97SYXJ2Z3,01K9TG6EXGBQ4G6XZ3R8J93D2N,2025-11-11T22:30:23.138243764Z,D,2025-11-11T22:30:25.430676279Z,01K9TG6EXX8QH6HVK7KKMCEBA2,2025-11-11T22:30:23.138243764Z,01K9TG7YYY4ZBCWC5KXYY0TVH7,2025-11-11T22:30:23.138243764Z,01K9TGE95H93S43VD8W4ZX5JGE,2025-11-11T22:30:23.138243764Z,41,2025-11-11T22:30:49.886132729Z
01K9TGPAW230TW5013Q13HGY6D,01K9TG6EXGBQ4G6XZ3R8J93D2N,2025-11-11T22:30:57.666698408Z,D,2025-11-11T22:30:59.810272557Z,01K9TG6EXX8QH6HVK7KKMCEBA2,2025-11-11T22:30:57.666698408Z,01K9TG7YYY4ZBCWC5KXYY0TVH7,2025-11-11T22:30:57.666698408Z,01K9TGE95KNP2XPZSGTYS1D5E4,2025-11-11T22:30:57.666698408Z,11,2025-11-11T22:31:00.012127681Z
01K9TGPMDDT790A02DEQNH24B4,01K9TG6EXGBQ4G6XZ3R8J93D2N,2025-11-11T22:31:07.437255841Z,D,2025-11-11T22:31:08.592330751Z,01K9TG6EXX8QH6HVK7KKMCEBA2,2025-11-11T22:31:07.437255841Z,01K9TG7YYY4ZBCWC5KXYY0TVH7,2025-11-11T22:31:07.437255841Z,01K9TGE95E94ZEKZD23TRVWN2T,2025-11-11T22:31:07.437255841Z,1,2025-11-11T22:31:26.799573817Z
01K9TKGPXJM961JPWHG47VGQPQ,01K9THEXEQ7CHCVV4RW5S1TPVJ,2025-11-11T23:20:19.122326515Z,D,2025-11-11T23:20:22.783322493Z,01K9THEXF5K25GF7E1BF0H3VE3,2025-11-11T23:20:19.122326515Z,01K9TK0BPW384MW0TTYHAFJAGS,2025-11-11T23:20:19.122326515Z,01K9TK4Q99N9EHWWPQ7PMC3Y1R,2025-11-11T23:20:19.122326515Z,1,2025-11-11T23:20:22.797198071Z
01K9TFFSD9SA2ZB47SH1KC6YH9,01K9TE9T6GRQ5KWPW9N4YQG3VB,2025-11-11T22:09:54.60173232Z,D,2025-11-11T22:09:56.431089954Z,01K9TE9T75JFGS09NGQYAMHPA6,2025-11-11T22:09:54.60173232Z,01K9TF6B432JB2S4GXCA1X1A8D,2025-11-11T22:09:54.60173232Z,01K9TFE5AZVKDZCPYNZ3N97SXC,2025-11-11T22:09:54.60173232Z,1,2025-11-11T22:10:02.946317409Z
01K9TGPFFK2CQZ21V2P5REGYD3,01K9TG6EXGBQ4G6XZ3R8J93D2N,2025-11-11T22:31:02.387995559Z,D,2025-11-11T22:31:03.43185088Z,01K9TG6EXX8QH6HVK7KKMCEBA2,2025-11-11T22:31:02.387995559Z,01K9TG7YYY4ZBCWC5KXYY0TVH7,2025-11-11T22:31:02.387995559Z,01K9TGE95PTGDR7QAVZDS4EY5Z,2025-11-11T22:31:02.387995559Z,1,2025-11-11T22:31:04.545654406Z
01K9TKEETY966R3CKBY6JQTAPD,01K9THEXEQ7CHCVV4RW5S1TPVJ,2025-11-11T23:19:05.310928134Z,D,2025-11-11T23:19:06.222064379Z,01K9THEXF5K25GF7E1BF0H3VE3,2025-11-11T23:19:05.310928134Z,01K9TK4NDHZWVR3YP5F8QC9TTB,2025-11-11T23:19:05.310928134Z,01K9TK4Q9B42RC6PM2BPCADA6C,2025-11-11T23:19:05.310928134Z,41,2025-11-11T23:19:12.614073301Z
01K9TKV3A6V0X55SZ842ZHQ1HK,01K9TKHWPQ1CHEHQDB7EFMGZ28,2025-11-11T23:25:59.494139986Z,C,2025-11-11T23:26:00.226957229Z,01K9TKHWQ56744C1WB3KR2S98C,2025-11-11T23:25:59.494139986Z,01K9TKQNK6BGH083BS225HDXX4,2025-11-11T23:25:59.494139986Z,01K9TKSD4Q838QWDGNMXFST2R1,2025-11-11T23:25:59.494139986Z,8,2025-11-11T23:26:00.243794241Z
01K9TGTZA6E8P2EB1T2KBSX3Z4,01K9TG836P0GZ79TTG0H44E12V,2025-11-11T22:33:29.6705441Z,A,2025-11-11T22:33:31.247788761Z,01K9TG8370531XP7CM1VPEH59N,2025-11-11T22:33:29.6705441Z,01K9TGGPCVJQM3MBG61HJ65C1A,2025-11-11T22:33:29.6705441Z,01K9TGMA52XBS9APGV64BGMJQ0,2025-11-11T22:33:29.6705441Z,20,2025-11-11T22:33:31.256028361Z
01K9TKBQ798M0QEKR35DCDX8BB,01K9THEXEQ7CHCVV4RW5S1TPVJ,2025-11-11T23:17:35.593186922Z,A,2025-11-11T23:17:49.040677088Z,01K9THEXF5K25GF7E1BF0H3VE3,2025-11-11T23:17:35.593186922Z,01K9TK0BPW384MW0TTYHAFJAGS,2025-11-11T23:17:35.593186922Z,01K9TK4Q92RHQ9XCRXQX7ZK3NJ,2025-11-11T23:17:35.593186922Z,20,2025-11-11T23:17:49.053430048Z
01K9TKTTRSBDDA0V14G8WE4B9Z,01K9TKHWPQ1CHEHQDB7EFMGZ28,2025-11-11T23:25:50.745938006Z,C,2025-11-11T23:25:52.654246375Z,01K9TKHWQ56744C1WB3KR2S98C,2025-11-11T23:25:50.745938006Z,01K9TKQNK6BGH083BS225HDXX4,2025-11-11T23:25:50.745938006Z,01K9TKSD4S0WBY5DAR4CCHCV01,2025-11-11T23:25:50.745938006Z,8,2025-11-11T23:25:52.666889033Z
01K9TKV00VCF9ZYZWBZQ61VDCT,01K9TKHWPQ1CHEHQDB7EFMGZ28,2025-11-11T23:25:56.12388155Z,C,2025-11-11T23:25:56.8393115Z,01K9TKHWQ56744C1WB3KR2S98C,2025-11-11T23:25:56.12388155Z,01K9TKQNK6BGH083BS225HDXX4,2025-11-11T23:25:56.12388155Z,01K9TKSD4R0JQWFFN7W7Z5TYWK,2025-11-11T23:25:56.12388155Z,8,2025-11-11T23:25:56.861106841Z
01K9TKV6MCGMNY14FD5A1F27NF,01K9TKHWPQ1CHEHQDB7EFMGZ28,2025-11-11T23:26:02.892536548Z,D,2025-11-11T23:26:03.660107634Z,01K9TKHWQ56744C1WB3KR2S98C,2025-11-11T23:26:02.892536548Z,01K9TKK4NBAYWV8NPZGBH70SCA,2025-11-11T23:26:02.892536548Z,01K9TKSD4HFVA9PSW86GZ086VZ,2025-11-11T23:26:02.892536548Z,1,2025-11-11T23:26:03.68122199Z
01K9TFFG15ZPTXSMJ2KPWPYV6N,01K9TE9T6GRQ5KWPW9N4YQG3VB,2025-11-11T22:09:44.997655335Z,D,2025-11-11T22:09:50.68870921Z,01K9TE9T75JFGS09NGQYAMHPA6,2025-11-11T22:09:44.997655335Z,01K9TFD8YPZ9SMW3BFYATD0C3Y,2025-11-11T22:09:44.997655335Z,01K9TFE5AY8V27C3FQG1XKA2XH,2025-11-11T22:09:44.997655335Z,1,2025-11-11T22:09:50.701407903Z
01K9TFHCDWPPE9CA9FVSAZ5NQ1,01K9TE9T6GRQ5KWPW9N4YQG3VB,2025-11-11T22:10:46.845999298Z,C,2025-11-11T22:10:47.702021821Z,01K9TE9T75JFGS09NGQYAMHPA6,2025-11-11T22:10:46.845999298Z,01K9TF6B432JB2S4GXCA1X1A8D,2025-11-11T22:10:46.845999298Z,01K9TFE5ASTVVMV20PHS99GGHC,2025-11-11T22:10:46.845999298Z,8,2025-11-11T22:10:48.153358528Z
01K9TGXVEEWECR2QPADES77610,01K9TG836P0GZ79TTG0H44E12V,2025-11-11T22:35:04.014394685Z,C,2025-11-11T22:35:39.66413234Z,01K9TG8370531XP7CM1VPEH59N,2025-11-11T22:35:04.014394685Z,01K9TGGPCVJQM3MBG61HJ65C1A,2025-11-11T22:35:04.014394685Z,01K9TGMA4YRTX1CB3XWKQHV0F6,2025-11-11T22:35:04.014394685Z,8,2025-11-11T22:35:39.679047121Z
01K9TKD154H0WNHVGXKA380XZ7,01K9THEXEQ7CHCVV4RW5S1TPVJ,2025-11-11T23:18:18.532385882Z,D,2025-11-11T23:18:20.247491806Z,01K9THEXF5K25GF7E1BF0H3VE3,2025-11-11T23:18:18.532385882Z,01K9TK4NDHZWVR3YP5F8QC9TTB,2025-11-11T23:18:18.532385882Z,01K9TK4Q9CGHXAKV5SVTFAQVVB,2025-11-11T23:18:18.532385882Z,1,2025-11-11T23:18:32.197075167Z
01K9TKDMEEDANVHT3XJTG7TNM5,01K9THEXEQ7CHCVV4RW5S1TPVJ,2025-11-11T23:18:38.287005534Z,B,2025-11-11T23:18:57.666037117Z,01K9THEXF5K25GF7E1BF0H3VE3,2025-11-11T23:18:38.287005534Z,01K9TK0BPW384MW0TTYHAFJAGS,2025-11-11T23:18:38.287005534Z,01K9TK4Q9B42RC6PM2C4MZ9374,2025-11-11T23:18:38.287005534Z,20,2025-11-11T23:18:57.679012307Z
01K9TKFT6H2C2XRG6TNVTTNEHA,01K9THEXEQ7CHCVV4RW5S1TPVJ,2025-11-11T23:19:49.713456794Z,C,2025-11-11T23:19:50.89206092Z,01K9THEXF5K25GF7E1BF0H3VE3,2025-11-11T23:19:49.713456794Z,01K9TK4NDHZWVR3YP5F8QC9TTB,2025-11-11T23:19:49.713456794Z,01K9TK4Q96MKZEJYNZPX906Z9Y,2025-11-11T23:19:49.713456794Z,48,2025-11-11T23:19:57.874371931Z
01K9TFGY66TQKQS72PN32KQGQ4,01K9TE9T6GRQ5KWPW9N4YQG3VB,2025-11-11T22:10:32.262292063Z,D,2025-11-11T22:10:34.81388503Z,01K9TE9T75JFGS09NGQYAMHPA6,2025-11-11T22:10:32.262292063Z,01K9TFD8YPZ9SMW3BFYATD0C3Y,2025-11-11T22:10:32.262292063Z,01K9TFE5AVHDMA5704XATM570S,2025-11-11T22:10:32.262292063Z,1,2025-11-11T22:10:34.878714943Z
01K9TGXAVNSNDM8MQE588FVNA8,01K9TG836P0GZ79TTG0H44E12V,2025-11-11T22:34:47.029102507Z,D,2025-11-11T22:34:56.806507709Z,01K9TG8370531XP7CM1VPEH59N,2025-11-11T22:34:47.029102507Z,01K9TGGKH3RZNNHKBW34D0VAVW,2025-11-11T22:34:47.029102507Z,01K9TGMA4Z9MQARMEXBRY5H970,2025-11-11T22:34:47.029102507Z,11,2025-11-11T22:34:56.873277434Z
01K9TKG63BXPG9VGHVREKMVG4N,01K9THEXEQ7CHCVV4RW5S1TPVJ,2025-11-11T23:20:01.899534383Z,B,2025-11-11T23:20:12.351466831Z,01K9THEXF5K25GF7E1BF0H3VE3,2025-11-11T23:20:01.899534383Z,01K9TK0BPW384MW0TTYHAFJAGS,2025-11-11T23:20:01.899534383Z,01K9TK4Q9A3QVYJRYMH72BQ6JG,2025-11-11T23:20:01.899534383Z,20,2025-11-11T23:20:12.365861128Z
01K9TFG3T4M59XQ6V5BQGC9RRB,01K9TE9T6GRQ5KWPW9N4YQG3VB,2025-11-11T22:10:05.252409704Z,D,2025-11-11T22:10:10.773513419Z,01K9TE9T75JFGS09NGQYAMHPA6,2025-11-11T22:10:05.252409704Z,01K9TFD8YPZ9SMW3BFYATD0C3Y,2025-11-11T22:10:05.252409704Z,01K9TFE5AXCV451BQCZJ4JH1GC,2025-11-11T22:10:05.252409704Z,1,2025-11-11T22:10:10.785201724Z
01K9TGEA10Z5QDM1YBD7NWFJK0,01K9TG6EXGBQ4G6XZ3R8J93D2N,2025-11-11T22:26:34.656903583Z,C,2025-11-11T22:26:43.348559539Z,01K9TG6EXX8QH6HVK7KKMCEBA2,2025-11-11T22:26:34.656903583Z,01K9TG7YYY4ZBCWC5KXYY0TVH7,2025-11-11T22:26:34.656903583Z,01K9TGE959AXZTXPXV3CQY4XZC,2025-11-11T22:26:34.656903583Z,48,2025-11-11T22:28:49.220010149Z
01K9TKT6FDYB57FN6WS762H3MG,01K9TKHWPQ1CHEHQDB7EFMGZ28,2025-11-11T23:25:29.965431667Z,C,2025-11-11T23:25:35.245655092Z,01K9TKHWQ56744C1WB3KR2S98C,2025-11-11T23:25:29.965431667Z,01K9TKQNK6BGH083BS225HDXX4,2025-11-11T23:25:29.965431667Z,01K9TKSD4JQR16AFAMWKEXHF94,2025-11-11T23:25:29.965431667Z,48,2025-11-11T23:25:35.25783023Z
