id,batchID,batchIDLastChangedAt,duration,durationLastChangedAt,ended,endedLastChangedAt,gameID,gameIDLastChangedAt,index,indexLastChangedAt,initialized,initializedLastChangedAt,name,nameLastChangedAt,roundID,roundIDLastChangedAt,start,startLastChangedAt,started,startedLastChangedAt,timerID,timerIDLastChangedAt
01K9TGMA5QTSF6G7EGETYAHE87,01K9TG836P0GZ79TTG0H44E12V,2025-11-11T22:29:51.415768208Z,10000,2025-11-11T22:29:51.415768208Z,true,2025-11-11T22:33:18.592432212Z,01K9TG8370531XP7CM1VPEH59N,2025-11-11T22:29:51.415768208Z,1,2025-11-11T22:29:51.415768208Z,true,2025-11-11T22:33:10.811909198Z,result,2025-11-11T22:29:51.415768208Z,01K9TGMA4KBJ6YJHJ5A7VXMH0J,2025-11-11T22:29:51.415768208Z,true,2025-11-11T22:33:10.79961257Z,true,2025-11-11T22:33:10.828876377Z,01K9TGMA5MR5NJVB26A8YW8SZX,2025-11-11T22:29:51.415768208Z
01K9TGMABDNVKFY5PC011F32D9,01K9TG836P0GZ79TTG0H44E12V,2025-11-11T22:29:51.597332583Z,10000,2025-11-11T22:29:51.597332583Z,true,2025-11-11T22:35:59.34393948Z,01K9TG8370531XP7CM1VPEH59N,2025-11-11T22:29:51.597332583Z,0,2025-11-11T22:29:51.597332583Z,true,2025-11-11T22:35:57.264130164Z,choice,2025-11-11T22:29:51.597332583Z,01K9TGMA4TG6Z70H84KV7ER18B,2025-11-11T22:29:51.597332583Z,true,2025-11-11T22:35:57.246845448Z,true,2025-11-11T22:35:57.277381762Z,01K9TGMAB9RXNY9950TY1BQA51,2025-11-11T22:29:51.597332583Z
01K9TK4QB1ZR6WQ0RXTA7P3F98,01K9THEXEQ7CHCVV4RW5S1TPVJ,2025-11-11T23:13:46.33722268Z,10000,2025-11-11T23:13:46.33722268Z,true,2025-11-11T23:17:49.049532034Z,01K9THEXF5K25GF7E1BF0H3VE3,2025-11-11T23:13:46.33722268Z,0,2025-11-11T23:13:46.33722268Z,true,2025-11-11T23:17:35.623533092Z,choice,2025-11-11T23:13:46.33722268Z,01K9TK4Q92RHQ9XCRXQX7ZK3NJ,2025-11-11T23:13:46.33722268Z,true,2025-11-11T23:17:35.607398809Z,true,2025-11-11T23:17:35.63852758Z,01K9TK4QAWN041F8J1H48N092W,2025-11-11T23:13:46.33722268Z
01K9TK4QEC16JX45PVWJ55SPD9,01K9THEXEQ7CHCVV4RW5S1TPVJ,2025-11-11T23:13:46.44557151Z,10000,2025-11-11T23:13:46.44557151Z,true,2025-11-11T23:20:19.085536399Z,01K9THEXF5K25GF7E1BF0H3VE3,2025-11-11T23:13:46.44557151Z,1,2025-11-11T23:13:46.44557151Z,true,2025-11-11T23:20:12.392356091Z,result,2025-11-11T23:13:46.44557151Z,01K9TK4Q9A3QVYJRYMH72BQ6JG,2025-11-11T23:13:46.44557151Z,true,2025-11-11T23:20:12.37744788Z,true,2025-11-11T23:20:12.41165503Z,01K9TK4QE55T43ZPMG7EADBE8M,2025-11-11T23:13:46.44557151Z
01K9TGMA5QTSF6G7EGE7C1WS25,01K9TG836P0GZ79TTG0H44E12V,2025-11-11T22:29:51.415165642Z,10000,2025-11-11T22:29:51.415165642Z,true,2025-11-11T22:33:10.7832159Z,01K9TG8370531XP7CM1VPEH59N,2025-11-11T22:29:51.415165642Z,0,2025-11-11T22:29:51.415165642Z,true,2025-11-11T22:29:52.272561595Z,choice,2025-11-11T22:29:51.415165642Z,01K9TGMA4KBJ6YJHJ5A7VXMH0J,2025-11-11T22:29:51.415165642Z,true,2025-11-11T22:29:52.254555196Z,true,2025-11-11T22:29:52.284768089Z,01K9TGMA5HK9Z3TJTPPMPCHVVB,2025-11-11T22:29:51.415165642Z
01K9TGMA9EQEPNWW8AB2FJYV0J,01K9TG836P0GZ79TTG0H44E12V,2025-11-11T22:29:51.534619408Z,10000,2025-11-11T22:29:51.534619408Z,true,2025-11-11T22:35:39.673812123Z,01K9TG8370531XP7CM1VPEH59N,2025-11-11T22:29:51.534619408Z,0,2025-11-11T22:29:51.534619408Z,true,2025-11-11T22:35:04.039332832Z,choice,2025-11-11T22:29:51.534619408Z,01K9TGMA4YRTX1CB3XWKQHV0F6,2025-11-11T22:29:51.534619408Z,true,2025-11-11T22:35:04.028851974Z,true,2025-11-11T22:35:04.063729399Z,01K9TGMA96ZKJ02M7QX5D0BFKM,2025-11-11T22:29:51.534619408Z
01K9TGMA9YYKDRZ80Q61N43JVN,01K9TG836P0GZ79TTG0H44E12V,2025-11-11T22:29:51.550523375Z,10000,2025-11-11T22:29:51.550523375Z,true,2025-11-11T22:35:47.325373305Z,01K9TG8370531XP7CM1VPEH59N,2025-11-11T22:29:51.550523375Z,1,2025-11-11T22:29:51.550523375Z,true,2025-11-11T22:35:45.53412757Z,result,2025-11-11T22:29:51.550523375Z,01K9TGMA4YRTX1CB3XW5PQC1GB,2025-11-11T22:29:51.550523375Z,true,2025-11-11T22:35:45.520360969Z,true,2025-11-11T22:35:45.552692248Z,01K9TGMA9VFQATCM9JFFG5PNEF,2025-11-11T22:29:51.550523375Z
01K9TGMAAPX1CD8PPG71Z3KXRN,01K9TG836P0GZ79TTG0H44E12V,2025-11-11T22:29:51.574157786Z,10000,2025-11-11T22:29:51.574157786Z,true,2025-11-11T22:35:52.951643699Z,01K9TG8370531XP7CM1VPEH59N,2025-11-11T22:29:51.574157786Z,0,2025-11-11T22:29:51.574157786Z,true,2025-11-11T22:35:51.350889746Z,choice,2025-11-11T22:29:51.574157786Z,01K9TGMA4W5P644FDTK1K5MWZN,2025-11-11T22:29:51.574157786Z,true,2025-11-11T22:35:51.33703657Z,true,2025-11-11T22:35:51.361861052Z,01K9TGMAAJEEB2DC1JZE5AN23B,2025-11-11T22:29:51.574157786Z
01K9TFE5FPJB45NZDNSE0YFEVY,01K9TE9T6GRQ5KWPW9N4YQG3VB,2025-11-11T22:09:01.43084224Z,10000,2025-11-11T22:09:01.43084224Z,true,2025-11-11T22:10:36.409206097Z,01K9TE9T75JFGS09NGQYAMHPA6,2025-11-11T22:09:01.43084224Z,1,2025-11-11T22:09:01.43084224Z,true,2025-11-11T22:10:34.900991185Z,result,2025-11-11T22:09:01.43084224Z,01K9TFE5AVHDMA5704XATM570S,2025-11-11T22:09:01.43084224Z,true,2025-11-11T22:10:34.886293526Z,true,2025-11-11T22:10:34.908706917Z,01K9TFE5FKN28T2FK8VVX34MYT,2025-11-11T22:09:01.43084224Z
01K9TGE9DK6C7XETNMWN9HGJ7Y,01K9TG6EXGBQ4G6XZ3R8J93D2N,2025-11-11T22:26:34.035237389Z,10000,2025-11-11T22:26:34.035237389Z,true,2025-11-11T22:31:34.219796726Z,01K9TG6EXX8QH6HVK7KKMCEBA2,2025-11-11T22:26:34.035237389Z,1,2025-11-11T22:26:34.035237389Z,true,2025-11-11T22:31:30.993326773Z,result,2025-11-11T22:26:34.035237389Z,01K9TGE95KNP2XPZSGVBCDS945,2025-11-11T22:26:34.035237389Z,true,2025-11-11T22:31:30.974072348Z,true,2025-11-11T22:31:31.008966303Z,01K9TGE9DGTNCMKR6MKQANCPF0,2025-11-11T22:26:34.035237389Z
01K9TK4QB2JSRMKK153A8NNTXP,01K9THEXEQ7CHCVV4RW5S1TPVJ,2025-11-11T23:13:46.338251051Z,10000,2025-11-11T23:13:46.338251051Z,true,2025-11-11T23:17:54.083947891Z,01K9THEXF5K25GF7E1BF0H3VE3,2025-11-11T23:13:46.338251051Z,1,2025-11-11T23:13:46.338251051Z,true,2025-11-11T23:17:49.078252222Z,result,2025-11-11T23:13:46.338251051Z,01K9TK4Q92RHQ9XCRXQX7ZK3NJ,2025-11-11T23:13:46.338251051Z,true,2025-11-11T23:17:49.064098434Z,true,2025-11-11T23:17:49.091200094Z,01K9TK4QAYZ8FX1C06S751GNM5,2025-11-11T23:13:46.338251051Z
01K9TKSDD34FBQJFS8Q0SFMY9M,01K9TKHWPQ1CHEHQDB7EFMGZ28,2025-11-11T23:25:04.291818328Z,10000,2025-11-11T23:25:04.291818328Z,true,2025-11-11T23:26:05.476100781Z,01K9TKHWQ56744C1WB3KR2S98C,2025-11-11T23:25:04.291818328Z,0,2025-11-11T23:25:04.291818328Z,true,2025-11-11T23:26:04.641189134Z,choice,2025-11-11T23:25:04.291818328Z,01K9TKSD4NGMN4A7DPH9BC9HKR,2025-11-11T23:25:04.291818328Z,true,2025-11-11T23:26:04.626646691Z,true,2025-11-11T23:26:04.654189267Z,01K9TKSDCYCPWWAF1MSQFBVGEC,2025-11-11T23:25:04.291818328Z
01K9TGMA9F9WWY6KD6JDDXCAFS,01K9TG836P0GZ79TTG0H44E12V,2025-11-11T22:29:51.535223901Z,10000,2025-11-11T22:29:51.535223901Z,true,2025-11-11T22:35:42.191064109Z,01K9TG8370531XP7CM1VPEH59N,2025-11-11T22:29:51.535223901Z,1,2025-11-11T22:29:51.535223901Z,true,2025-11-11T22:35:39.699965594Z,result,2025-11-11T22:29:51.535223901Z,01K9TGMA4YRTX1CB3XWKQHV0F6,2025-11-11T22:29:51.535223901Z,true,2025-11-11T22:35:39.688378285Z,true,2025-11-11T22:35:39.728773223Z,01K9TGMA99KSM50WZKAJP9FY68,2025-11-11T22:29:51.535223901Z
01K9TGMABSMF9P4WDX94GYYXHY,01K9TG836P0GZ79TTG0H44E12V,2025-11-11T22:29:51.609884467Z,10000,2025-11-11T22:29:51.609884467Z,true,2025-11-11T22:36:07.546955417Z,01K9TG8370531XP7CM1VPEH59N,2025-11-11T22:29:51.609884467Z,1,2025-11-11T22:29:51.609884467Z,true,2025-11-11T22:36:03.357836357Z,result,2025-11-11T22:29:51.609884467Z,01K9TGMA4TG6Z70H84KFN62YMP,2025-11-11T22:29:51.609884467Z,true,2025-11-11T22:36:03.327849979Z,true,2025-11-11T22:36:03.370207965Z,01K9TGMABQHYVVSBNNC7B6J2HC,2025-11-11T22:29:51.609884467Z
01K9TK4QBG8BZBEZGCD696JF8W,01K9THEXEQ7CHCVV4RW5S1TPVJ,2025-11-11T23:13:46.352837303Z,10000,2025-11-11T23:13:46.352837303Z,true,2025-11-11T23:18:11.753673484Z,01K9THEXF5K25GF7E1BF0H3VE3,2025-11-11T23:13:46.352837303Z,0,2025-11-11T23:13:46.352837303Z,true,2025-11-11T23:17:54.152582984Z,choice,2025-11-11T23:13:46.352837303Z,01K9TK4Q8XVP701GFCQAGBA6XA,2025-11-11T23:13:46.352837303Z,true,2025-11-11T23:17:54.13398908Z,true,2025-11-11T23:17:54.167718606Z,01K9TK4QBCZMNWNF1HV7DZAGWG,2025-11-11T23:13:46.352837303Z
01K9TKSD6EFW9YD21TYK4D8Q9E,01K9TKHWPQ1CHEHQDB7EFMGZ28,2025-11-11T23:25:04.078304111Z,10000,2025-11-11T23:25:04.078304111Z,true,2025-11-11T23:25:35.253640238Z,01K9TKHWQ56744C1WB3KR2S98C,2025-11-11T23:25:04.078304111Z,0,2025-11-11T23:25:04.078304111Z,true,2025-11-11T23:25:30.002243407Z,choice,2025-11-11T23:25:04.078304111Z,01K9TKSD4JQR16AFAMWKEXHF94,2025-11-11T23:25:04.078304111Z,true,2025-11-11T23:25:29.983505558Z,true,2025-11-11T23:25:30.015156185Z,01K9TKSD64D3DB2GWGRY1KTBW7,2025-11-11T23:25:04.078304111Z
01K9TKSDC50QPQHXWE2Z4SQFDE,01K9TKHWPQ1CHEHQDB7EFMGZ28,2025-11-11T23:25:04.261872765Z,10000,2025-11-11T23:25:04.261872765Z,true,2025-11-11T23:26:02.857397913Z,01K9TKHWQ56744C1WB3KR2S98C,2025-11-11T23:25:04.261872765Z,1,2025-11-11T23:25:04.261872765Z,true,2025-11-11T23:26:02.155834728Z,result,2025-11-11T23:25:04.261872765Z,01K9TKSD4PCDDJ1PJ971V5YATE,2025-11-11T23:25:04.261872765Z,true,2025-11-11T23:26:02.127858475Z,true,2025-11-11T23:26:02.171963618Z,01K9TKSDC1P0Y2ZDRPMT393SBZ,2025-11-11T23:25:04.261872765Z
01K9TFE5JFYPNN703BFCMQCT91,01K9TE9T6GRQ5KWPW9N4YQG3VB,2025-11-11T22:09:01.519846664Z,10000,2025-11-11T22:09:01.519846664Z,true,2025-11-11T22:10:48.149923144Z,01K9TE9T75JFGS09NGQYAMHPA6,2025-11-11T22:09:01.519846664Z,0,2025-11-11T22:09:01.519846664Z,true,2025-11-11T22:10:46.868010536Z,choice,2025-11-11T22:09:01.519846664Z,01K9TFE5ASTVVMV20PHS99GGHC,2025-11-11T22:09:01.519846664Z,true,2025-11-11T22:10:46.857795334Z,true,2025-11-11T22:10:46.879955739Z,01K9TFE5JB791PSDF2CJMZN1Q5,2025-11-11T22:09:01.519846664Z
01K9TGE96ADGBVEZ4HTENX6RRZ,01K9TG6EXGBQ4G6XZ3R8J93D2N,2025-11-11T22:26:33.803016295Z,10000,2025-11-11T22:26:33.803016295Z,true,2025-11-11T22:28:55.860386425Z,01K9TG6EXX8QH6HVK7KKMCEBA2,2025-11-11T22:26:33.803016295Z,1,2025-11-11T22:26:33.803016295Z,true,2025-11-11T22:28:49.243658936Z,result,2025-11-11T22:26:33.803016295Z,01K9TGE959AXZTXPXV3CQY4XZC,2025-11-11T22:26:33.803016295Z,true,2025-11-11T22:28:49.227632147Z,true,2025-11-11T22:28:49.261486047Z,01K9TGE967YTPW1FZ4T06HVY5A,2025-11-11T22:26:33.803016295Z
01K9TGE97W89N3X9ESW8WTERAW,01K9TG6EXGBQ4G6XZ3R8J93D2N,2025-11-11T22:26:33.852117929Z,10000,2025-11-11T22:26:33.852117929Z,true,2025-11-11T22:29:52.263052836Z,01K9TG6EXX8QH6HVK7KKMCEBA2,2025-11-11T22:26:33.852117929Z,0,2025-11-11T22:26:33.852117929Z,true,2025-11-11T22:29:23.037161428Z,choice,2025-11-11T22:26:33.852117929Z,01K9TGE95PTGDR7QAVZXY8WJJ0,2025-11-11T22:26:33.852117929Z,true,2025-11-11T22:29:23.024156389Z,true,2025-11-11T22:29:23.050514838Z,01K9TGE97P1AGGV1RD6F34MG7K,2025-11-11T22:26:33.852117929Z
01K9TK4QA2V77Q8XM36RK01H33,01K9THEXEQ7CHCVV4RW5S1TPVJ,2025-11-11T23:13:46.306703701Z,10000,2025-11-11T23:13:46.306703701Z,true,2025-11-11T23:15:11.41553652Z,01K9THEXF5K25GF7E1BF0H3VE3,2025-11-11T23:13:46.306703701Z,0,2025-11-11T23:13:46.306703701Z,true,2025-11-11T23:13:47.190675659Z,choice,2025-11-11T23:13:46.306703701Z,01K9TK4Q8R0KKXRE0RG0XBVAZ3,2025-11-11T23:13:46.306703701Z,true,2025-11-11T23:13:46.819445709Z,true,2025-11-11T23:13:47.199368836Z,01K9TK4Q9WQ57N0PPJSMF15RVY,2025-11-11T23:13:46.306703701Z
01K9TK4QAKD7RVXH4Z9EEDDG96,01K9THEXEQ7CHCVV4RW5S1TPVJ,2025-11-11T23:13:46.323690589Z,10000,2025-11-11T23:13:46.323690589Z,true,2025-11-11T23:17:35.555839163Z,01K9THEXF5K25GF7E1BF0H3VE3,2025-11-11T23:13:46.323690589Z,1,2025-11-11T23:13:46.323690589Z,true,2025-11-11T23:17:27.896481389Z,result,2025-11-11T23:13:46.323690589Z,01K9TK4Q8VYH1J4FFGCP3S064V,2025-11-11T23:13:46.323690589Z,true,2025-11-11T23:17:27.881352497Z,true,2025-11-11T23:17:27.910395145Z,01K9TK4QAGVC120XCBNTX480RJ,2025-11-11T23:13:46.323690589Z
01K9TK4QGGJXXR8GPTPX1FF54N,01K9THEXEQ7CHCVV4RW5S1TPVJ,2025-11-11T23:13:46.512445451Z,10000,2025-11-11T23:13:46.512445451Z,true,2025-11-11T23:20:48.439677606Z,01K9THEXF5K25GF7E1BF0H3VE3,2025-11-11T23:13:46.512445451Z,1,2025-11-11T23:13:46.512445451Z,true,2025-11-11T23:20:44.392165269Z,result,2025-11-11T23:13:46.512445451Z,01K9TK4Q91SS22TEFNVJ22QER1,2025-11-11T23:13:46.512445451Z,true,2025-11-11T23:20:44.376110213Z,true,2025-11-11T23:20:44.409030951Z,01K9TK4QGC2RGJN5XPVZKC0RH8,2025-11-11T23:13:46.512445451Z
01K9TKSD6ZAAJWV5HXBF3SJHPV,01K9TKHWPQ1CHEHQDB7EFMGZ28,2025-11-11T23:25:04.09573194Z,10000,2025-11-11T23:25:04.09573194Z,true,2025-11-11T23:25:40.781575683Z,01K9TKHWQ56744C1WB3KR2S98C,2025-11-11T23:25:04.09573194Z,1,2025-11-11T23:25:04.09573194Z,true,2025-11-11T23:25:39.323437744Z,result,2025-11-11T23:25:04.09573194Z,01K9TKSD4MPZHVQ4TYTPSGSEPW,2025-11-11T23:25:04.09573194Z,true,2025-11-11T23:25:39.31194692Z,true,2025-11-11T23:25:39.341313708Z,01K9TKSD6W1SS56TW68HGAGP19,2025-11-11T23:25:04.09573194Z
01K9TFE5D9BS3SJTBEEYXJG36M,01K9TE9T6GRQ5KWPW9N4YQG3VB,2025-11-11T22:09:01.353572183Z,10000,2025-11-11T22:09:01.353572183Z,true,2025-11-11T22:10:05.217397832Z,01K9TE9T75JFGS09NGQYAMHPA6,2025-11-11T22:09:01.353572183Z,1,2025-11-11T22:09:01.353572183Z,true,2025-11-11T22:10:02.96683375Z,result,2025-11-11T22:09:01.353572183Z,01K9TFE5AZVKDZCPYNZ3N97SXC,2025-11-11T22:09:01.353572183Z,true,2025-11-11T22:10:02.956434885Z,true,2025-11-11T22:10:02.978371256Z,01K9TFE5D6XJ6E4MKZD6GGYM23,2025-11-11T22:09:01.353572183Z
01K9TFE5G6JH6ES8C3TFFEKVY9,01K9TE9T6GRQ5KWPW9N4YQG3VB,2025-11-11T22:09:01.446830399Z,10000,2025-11-11T22:09:01.446830399Z,true,2025-11-11T22:10:39.758727467Z,01K9TE9T75JFGS09NGQYAMHPA6,2025-11-11T22:09:01.446830399Z,1,2025-11-11T22:09:01.446830399Z,true,2025-11-11T22:10:37.99962918Z,result,2025-11-11T22:09:01.446830399Z,01K9TFE5AT6K45GQK4SCHXAB74,2025-11-11T22:09:01.446830399Z,true,2025-11-11T22:10:37.985848754Z,true,2025-11-11T22:10:38.008679662Z,01K9TFE5G3D7QQAPDJRSGPDBW9,2025-11-11T22:09:01.446830399Z
01K9TGE9BAABP5N56ADJ1G7EDF,01K9TG6EXGBQ4G6XZ3R8J93D2N,2025-11-11T22:26:33.962712065Z,10000,2025-11-11T22:26:33.962712065Z,true,2025-11-11T22:31:00.008020292Z,01K9TG6EXX8QH6HVK7KKMCEBA2,2025-11-11T22:26:33.962712065Z,0,2025-11-11T22:26:33.962712065Z,true,2025-11-11T22:30:57.706384391Z,choice,2025-11-11T22:26:33.962712065Z,01K9TGE95KNP2XPZSGTYS1D5E4,2025-11-11T22:26:33.962712065Z,true,2025-11-11T22:30:57.69095246Z,true,2025-11-11T22:30:57.715780565Z,01K9TGE9B5CBJ5XDFGAAHM1Q50,2025-11-11T22:26:33.962712065Z
01K9TGE9DJRSPVV44CKAFF7PKK,01K9TG6EXGBQ4G6XZ3R8J93D2N,2025-11-11T22:26:34.034880253Z,10000,2025-11-11T22:26:34.034880253Z,true,2025-11-11T22:31:30.954475438Z,01K9TG6EXX8QH6HVK7KKMCEBA2,2025-11-11T22:26:34.034880253Z,0,2025-11-11T22:26:34.034880253Z,true,2025-11-11T22:31:29.467676298Z,choice,2025-11-11T22:26:34.034880253Z,01K9TGE95KNP2XPZSGVBCDS945,2025-11-11T22:26:34.034880253Z,true,2025-11-11T22:31:29.450345625Z,true,2025-11-11T22:31:29.482891553Z,01K9TGE9DE15PCYRBH1TYXVG88,2025-11-11T22:26:34.034880253Z
01K9TK4QEA4JYFDMBQHWRSP9C8,01K9THEXEQ7CHCVV4RW5S1TPVJ,2025-11-11T23:13:46.443027186Z,10000,2025-11-11T23:13:46.443027186Z,true,2025-11-11T23:20:12.361697491Z,01K9THEXF5K25GF7E1BF0H3VE3,2025-11-11T23:13:46.443027186Z,0,2025-11-11T23:13:46.443027186Z,true,2025-11-11T23:20:01.933200469Z,choice,2025-11-11T23:13:46.443027186Z,01K9TK4Q9A3QVYJRYMH72BQ6JG,2025-11-11T23:13:46.443027186Z,true,2025-11-11T23:20:01.915980315Z,true,2025-11-11T23:20:01.946507759Z,01K9TK4QE3C5E0CZKCFQTZYK2R,2025-11-11T23:13:46.443027186Z
01K9TFE5CT10BR0ZZ3K3D736GW,01K9TE9T6GRQ5KWPW9N4YQG3VB,2025-11-11T22:09:01.338055536Z,10000,2025-11-11T22:09:01.338055536Z,true,2025-11-11T22:09:54.569940442Z,01K9TE9T75JFGS09NGQYAMHPA6,2025-11-11T22:09:01.338055536Z,1,2025-11-11T22:09:01.338055536Z,true,2025-11-11T22:09:50.728088312Z,result,2025-11-11T22:09:01.338055536Z,01K9TFE5AY8V27C3FQG1XKA2XH,2025-11-11T22:09:01.338055536Z,true,2025-11-11T22:09:50.70735449Z,true,2025-11-11T22:09:50.740467562Z,01K9TFE5CNPHYA166Z9VAZVMXE,2025-11-11T22:09:01.338055536Z
01K9TGMA8PJQFES27ZCJNDH7G4,01K9TG836P0GZ79TTG0H44E12V,2025-11-11T22:29:51.510692579Z,10000,2025-11-11T22:29:51.510692579Z,true,2025-11-11T22:34:56.869210458Z,01K9TG8370531XP7CM1VPEH59N,2025-11-11T22:29:51.510692579Z,0,2025-11-11T22:29:51.510692579Z,true,2025-11-11T22:34:47.061601884Z,choice,2025-11-11T22:29:51.510692579Z,01K9TGMA4Z9MQARMEXBRY5H970,2025-11-11T22:29:51.510692579Z,true,2025-11-11T22:34:47.042173565Z,true,2025-11-11T22:34:47.074449303Z,01K9TGMA8J67M82DMA654FV0QX,2025-11-11T22:29:51.510692579Z
01K9TGMABEXKXF3TZH0W08PKCW,01K9TG836P0GZ79TTG0H44E12V,2025-11-11T22:29:51.598057914Z,10000,2025-11-11T22:29:51.598057914Z,true,2025-11-11T22:36:01.019567374Z,01K9TG8370531XP7CM1VPEH59N,2025-11-11T22:29:51.598057914Z,1,2025-11-11T22:29:51.598057914Z,true,2025-11-11T22:35:59.374278334Z,result,2025-11-11T22:29:51.598057914Z,01K9TGMA4TG6Z70H84KV7ER18B,2025-11-11T22:29:51.598057914Z,true,2025-11-11T22:35:59.360567834Z,true,2025-11-11T22:35:59.384563036Z,01K9TGMABBFJD3939J0TQH0PVZ,2025-11-11T22:29:51.598057914Z
01K9TKSD8K5N0NJMXPXBB4WY81,01K9TKHWPQ1CHEHQDB7EFMGZ28,2025-11-11T23:25:04.147206909Z,10000,2025-11-11T23:25:04.147206909Z,true,2025-11-11T23:25:52.662480759Z,01K9TKHWQ56744C1WB3KR2S98C,2025-11-11T23:25:04.147206909Z,0,2025-11-11T23:25:04.147206909Z,true,2025-11-11T23:25:50.785807536Z,choice,2025-11-11T23:25:04.147206909Z,01K9TKSD4S0WBY5DAR4CCHCV01,2025-11-11T23:25:04.147206909Z,true,2025-11-11T23:25:50.77030221Z,true,2025-11-11T23:25:50.79973939Z,01K9TKSD8CTCKGPWTM9TNS6262,2025-11-11T23:25:04.147206909Z
01K9TFE5F2ZXHXNPGC4GAM0E1J,01K9TE9T6GRQ5KWPW9N4YQG3VB,2025-11-11T22:09:01.410452125Z,10000,2025-11-11T22:09:01.410452125Z,true,2025-11-11T22:10:30.031426659Z,01K9TE9T75JFGS09NGQYAMHPA6,2025-11-11T22:09:01.410452125Z,0,2025-11-11T22:09:01.410452125Z,true,2025-11-11T22:10:25.161592338Z,choice,2025-11-11T22:09:01.410452125Z,01K9TFE5AXCV451BQCZ0W1V8RR,2025-11-11T22:09:01.410452125Z,true,2025-11-11T22:10:25.148525225Z,true,2025-11-11T22:10:25.170379212Z,01K9TFE5EX9SXX8BHFNVYFNEPB,2025-11-11T22:09:01.410452125Z
01K9TGMA9XJECNEH0NKK2Y3PYE,01K9TG836P0GZ79TTG0H44E12V,2025-11-11T22:29:51.549830329Z,10000,2025-11-11T22:29:51.549830329Z,true,2025-11-11T22:35:45.506390755Z,01K9TG8370531XP7CM1VPEH59N,2025-11-11T22:29:51.549830329Z,0,2025-11-11T22:29:51.549830329Z,true,2025-11-11T22:35:42.258951938Z,choice,2025-11-11T22:29:51.549830329Z,01K9TGMA4YRTX1CB3XW5PQC1GB,2025-11-11T22:29:51.549830329Z,true,2025-11-11T22:35:42.236124291Z,true,2025-11-11T22:35:42.272008746Z,01K9TGMA9PEJPZ6VYQAR31KBE9,2025-11-11T22:29:51.549830329Z
01K9TK4QC008A69ZEKJ9M60F16,01K9THEXEQ7CHCVV4RW5S1TPVJ,2025-11-11T23:13:46.368883346Z,10000,2025-11-11T23:13:46.368883346Z,true,2025-11-11T23:18:32.190378468Z,01K9THEXF5K25GF7E1BF0H3VE3,2025-11-11T23:13:46.368883346Z,0,2025-11-11T23:13:46.368883346Z,true,2025-11-11T23:18:18.563188537Z,choice,2025-11-11T23:13:46.368883346Z,01K9TK4Q9CGHXAKV5SVTFAQVVB,2025-11-11T23:13:46.368883346Z,true,2025-11-11T23:18:18.547853016Z,true,2025-11-11T23:18:18.584641411Z,01K9TK4QBVG26YA28XP5KMJ3FV,2025-11-11T23:13:46.368883346Z
01K9TFE5JGWMRBGA178RZCW7PF,01K9TE9T6GRQ5KWPW9N4YQG3VB,2025-11-11T22:09:01.520022775Z,10000,2025-11-11T22:09:01.520022775Z,true,2025-11-11T22:10:49.580724831Z,01K9TE9T75JFGS09NGQYAMHPA6,2025-11-11T22:09:01.520022775Z,1,2025-11-11T22:09:01.520022775Z,true,2025-11-11T22:10:48.172404269Z,result,2025-11-11T22:09:01.520022775Z,01K9TFE5ASTVVMV20PHS99GGHC,2025-11-11T22:09:01.520022775Z,true,2025-11-11T22:10:48.157937918Z,true,2025-11-11T22:10:48.181952161Z,01K9TFE5JDKSVHQXFF3FQ3MC0D,2025-11-11T22:09:01.520022775Z
01K9TGE9D4Z3VDB6F1G2MAGMZ4,01K9TG6EXGBQ4G6XZ3R8J93D2N,2025-11-11T22:26:34.020920749Z,10000,2025-11-11T22:26:34.020920749Z,true,2025-11-11T22:31:26.786070701Z,01K9TG6EXX8QH6HVK7KKMCEBA2,2025-11-11T22:26:34.020920749Z,0,2025-11-11T22:26:34.020920749Z,true,2025-11-11T22:31:07.479441579Z,choice,2025-11-11T22:26:34.020920749Z,01K9TGE95E94ZEKZD23TRVWN2T,2025-11-11T22:26:34.020920749Z,true,2025-11-11T22:31:07.457429526Z,true,2025-11-11T22:31:07.490583362Z,01K9TGE9CVFEN4H7Z3A9XFJH1N,2025-11-11T22:26:34.020920749Z
01K9TGE96ZDF5SJF2SPYT1D0EW,01K9TG6EXGBQ4G6XZ3R8J93D2N,2025-11-11T22:26:33.823251061Z,10000,2025-11-11T22:26:33.823251061Z,true,2025-11-11T22:29:07.302630059Z,01K9TG6EXX8QH6HVK7KKMCEBA2,2025-11-11T22:26:33.823251061Z,1,2025-11-11T22:26:33.823251061Z,true,2025-11-11T22:29:03.079431133Z,result,2025-11-11T22:26:33.823251061Z,01K9TGE95CE02K3TBKMJ95ZGJ2,2025-11-11T22:26:33.823251061Z,true,2025-11-11T22:29:03.060693789Z,true,2025-11-11T22:29:03.091220355Z,01K9TGE96WYPV577221VXYT15X,2025-11-11T22:26:33.823251061Z
01K9TGMA7D1QH9E9MN5GQ38MSX,01K9TG836P0GZ79TTG0H44E12V,2025-11-11T22:29:51.469260932Z,10000,2025-11-11T22:29:51.469260932Z,true,2025-11-11T22:33:33.736304538Z,01K9TG8370531XP7CM1VPEH59N,2025-11-11T22:29:51.469260932Z,1,2025-11-11T22:29:51.469260932Z,true,2025-11-11T22:33:31.274139683Z,result,2025-11-11T22:29:51.469260932Z,01K9TGMA52XBS9APGV64BGMJQ0,2025-11-11T22:29:51.469260932Z,true,2025-11-11T22:33:31.260754093Z,true,2025-11-11T22:33:31.281370367Z,01K9TGMA733K6ZVY20F22G7ZAY,2025-11-11T22:29:51.469260932Z
01K9TGMAB1GJP970QNVBZB9JBG,01K9TG836P0GZ79TTG0H44E12V,2025-11-11T22:29:51.585792151Z,10000,2025-11-11T22:29:51.585792151Z,true,2025-11-11T22:35:55.753154097Z,01K9TG8370531XP7CM1VPEH59N,2025-11-11T22:29:51.585792151Z,0,2025-11-11T22:29:51.585792151Z,true,2025-11-11T22:35:54.514150979Z,choice,2025-11-11T22:29:51.585792151Z,01K9TGMA4VG9WMXA9ECCASRFH8,2025-11-11T22:29:51.585792151Z,true,2025-11-11T22:35:54.496441205Z,true,2025-11-11T22:35:54.52590482Z,01K9TGMAAXQ5XMHW5E8PJR0ZX6,2025-11-11T22:29:51.585792151Z
01K9TKSDC3QNTW8EZPF0XDQM45,01K9TKHWPQ1CHEHQDB7EFMGZ28,2025-11-11T23:25:04.260034315Z,10000,2025-11-11T23:25:04.260034315Z,true,2025-11-11T23:26:02.112832117Z,01K9TKHWQ56744C1WB3KR2S98C,2025-11-11T23:25:04.260034315Z,0,2025-11-11T23:25:04.260034315Z,true,2025-11-11T23:26:00.975978883Z,choice,2025-11-11T23:25:04.260034315Z,01K9TKSD4PCDDJ1PJ971V5YATE,2025-11-11T23:25:04.260034315Z,true,2025-11-11T23:26:00.957381045Z,true,2025-11-11T23:26:00.98848605Z,01K9TKSDBZJ5QKTS1Y4YJQRPBP,2025-11-11T23:25:04.260034315Z
01K9TFE5BNMBK6596ARQZBZYBF,01K9TE9T6GRQ5KWPW9N4YQG3VB,2025-11-11T22:09:01.301644546Z,10000,2025-11-11T22:09:01.301644546Z,true,2025-11-11T22:09:28.935845997Z,01K9TE9T75JFGS09NGQYAMHPA6,2025-11-11T22:09:01.301644546Z,1,2025-11-11T22:09:01.301644546Z,true,2025-11-11T22:09:25.37885177Z,result,2025-11-11T22:09:01.301644546Z,01K9TFE5AJYTJ90KNXHC4QWS9W,2025-11-11T22:09:01.301644546Z,true,2025-11-11T22:09:25.367872719Z,true,2025-11-11T22:09:25.388973255Z,01K9TFE5BJSXWTFHZPGE9RC891,2025-11-11T22:09:01.301644546Z
01K9TFE5E9EAW90RQXKGSJAZDC,01K9TE9T6GRQ5KWPW9N4YQG3VB,2025-11-11T22:09:01.385487633Z,10000,2025-11-11T22:09:01.385487633Z,true,2025-11-11T22:10:18.917875937Z,01K9TE9T75JFGS09NGQYAMHPA6,2025-11-11T22:09:01.385487633Z,1,2025-11-11T22:09:01.385487633Z,true,2025-11-11T22:10:16.906302128Z,result,2025-11-11T22:09:01.385487633Z,01K9TFE5AXCV451BQCYG9CNGS5,2025-11-11T22:09:01.385487633Z,true,2025-11-11T22:10:16.888993532Z,true,2025-11-11T22:10:16.919190861Z,01K9TFE5E78B2HNFFRWCPQ8X6B,2025-11-11T22:09:01.385487633Z
01K9TGE99V64YVHSZ7J0RN1KEE,01K9TG6EXGBQ4G6XZ3R8J93D2N,2025-11-11T22:26:33.921816527Z,10000,2025-11-11T22:26:33.921816527Z,true,2025-11-11T22:30:18.885597402Z,01K9TG6EXX8QH6HVK7KKMCEBA2,2025-11-11T22:26:33.921816527Z,0,2025-11-11T22:26:33.921816527Z,true,2025-11-11T22:30:13.755481034Z,choice,2025-11-11T22:26:33.921816527Z,01K9TGE95GCTZ256T5N3SQW9GM,2025-11-11T22:26:33.921816527Z,true,2025-11-11T22:30:13.73842227Z,true,2025-11-11T22:30:13.762774375Z,01K9TGE99JNK31BG1D0JSMVQ7H,2025-11-11T22:26:33.921816527Z
01K9TGMAAPX1CD8PPG7GHAY134,01K9TG836P0GZ79TTG0H44E12V,2025-11-11T22:29:51.574648243Z,10000,2025-11-11T22:29:51.574648243Z,true,2025-11-11T22:35:54.433570208Z,01K9TG8370531XP7CM1VPEH59N,2025-11-11T22:29:51.574648243Z,1,2025-11-11T22:29:51.574648243Z,true,2025-11-11T22:35:52.979066219Z,result,2025-11-11T22:29:51.574648243Z,01K9TGMA4W5P644FDTK1K5MWZN,2025-11-11T22:29:51.574648243Z,true,2025-11-11T22:35:52.962345751Z,true,2025-11-11T22:35:52.98825122Z,01K9TGMAAMYAEJFD766ZXKFXZ3,2025-11-11T22:29:51.574648243Z
01K9TK4QA3RFQM39S9YWASYVPC,01K9THEXEQ7CHCVV4RW5S1TPVJ,2025-11-11T23:13:46.307296919Z,10000,2025-11-11T23:13:46.307296919Z,true,2025-11-11T23:16:35.653211418Z,01K9THEXF5K25GF7E1BF0H3VE3,2025-11-11T23:13:46.307296919Z,1,2025-11-11T23:13:46.307296919Z,true,2025-11-11T23:15:11.446231387Z,result,2025-11-11T23:13:46.307296919Z,01K9TK4Q8R0KKXRE0RG0XBVAZ3,2025-11-11T23:13:46.307296919Z,true,2025-11-11T23:15:11.43015555Z,true,2025-11-11T23:15:11.46295417Z,01K9TK4Q9Z39BA29YA83GA1BD6,2025-11-11T23:13:46.307296919Z
01K9TFE5D9BS3SJTBEE6T0DC3A,01K9TE9T6GRQ5KWPW9N4YQG3VB,2025-11-11T22:09:01.353235983Z,10000,2025-11-11T22:09:01.353235983Z,true,2025-11-11T22:10:02.942749182Z,01K9TE9T75JFGS09NGQYAMHPA6,2025-11-11T22:09:01.353235983Z,0,2025-11-11T22:09:01.353235983Z,true,2025-11-11T22:09:54.630026188Z,choice,2025-11-11T22:09:01.353235983Z,01K9TFE5AZVKDZCPYNZ3N97SXC,2025-11-11T22:09:01.353235983Z,true,2025-11-11T22:09:54.618337475Z,true,2025-11-11T22:09:54.641475941Z,01K9TFE5D4AGFSA51WZKHCH6QE,2025-11-11T22:09:01.353235983Z
01K9TFE5DTSECPR908XF76Y0EY,01K9TE9T6GRQ5KWPW9N4YQG3VB,2025-11-11T22:09:01.370306166Z,10000,2025-11-11T22:09:01.370306166Z,true,2025-11-11T22:10:10.781610616Z,01K9TE9T75JFGS09NGQYAMHPA6,2025-11-11T22:09:01.370306166Z,0,2025-11-11T22:09:01.370306166Z,true,2025-11-11T22:10:05.279646333Z,choice,2025-11-11T22:09:01.370306166Z,01K9TFE5AXCV451BQCZJ4JH1GC,2025-11-11T22:09:01.370306166Z,true,2025-11-11T22:10:05.26626646Z,true,2025-11-11T22:10:05.290460615Z,01K9TFE5DMXEBF7KMP1E9C9339,2025-11-11T22:09:01.370306166Z
01K9TFE5J4PBJXGAD7TKMYSW0F,01K9TE9T6GRQ5KWPW9N4YQG3VB,2025-11-11T22:09:01.508196507Z,10000,2025-11-11T22:09:01.508196507Z,true,2025-11-11T22:10:45.114584864Z,01K9TE9T75JFGS09NGQYAMHPA6,2025-11-11T22:09:01.508196507Z,0,2025-11-11T22:09:01.508196507Z,true,2025-11-11T22:10:43.567403816Z,choice,2025-11-11T22:09:01.508196507Z,01K9TFE5AY8V27C3FQFK4M8FAK,2025-11-11T22:09:01.508196507Z,true,2025-11-11T22:10:43.550424069Z,true,2025-11-11T22:10:43.574551333Z,01K9TFE5HZE346ZDF4K0C6F6V4,2025-11-11T22:09:01.508196507Z
01K9TGE96ADGBVEZ4HSTZK03TQ,01K9TG6EXGBQ4G6XZ3R8J93D2N,2025-11-11T22:26:33.802535485Z,10000,2025-11-11T22:26:33.802535485Z,true,2025-11-11T22:28:49.216352221Z,01K9TG6EXX8QH6HVK7KKMCEBA2,2025-11-11T22:26:33.802535485Z,0,2025-11-11T22:26:33.802535485Z,true,2025-11-11T22:26:34.69712073Z,choice,2025-11-11T22:26:33.802535485Z,01K9TGE959AXZTXPXV3CQY4XZC,2025-11-11T22:26:33.802535485Z,true,2025-11-11T22:26:34.683230586Z,true,2025-11-11T22:26:34.70303998Z,01K9TGE965K7AJXSDFGP3MXBC8,2025-11-11T22:26:33.802535485Z
01K9TGMA7W61QRFW1CKMAVT3RW,01K9TG836P0GZ79TTG0H44E12V,2025-11-11T22:29:51.484901091Z,10000,2025-11-11T22:29:51.484901091Z,true,2025-11-11T22:33:46.825815572Z,01K9TG8370531XP7CM1VPEH59N,2025-11-11T22:29:51.484901091Z,1,2025-11-11T22:29:51.484901091Z,true,2025-11-11T22:33:39.700296637Z,result,2025-11-11T22:29:51.484901091Z,01K9TGMA51WM1FT5H4XQCPH7M4,2025-11-11T22:29:51.484901091Z,true,2025-11-11T22:33:39.688063263Z,true,2025-11-11T22:33:39.711661314Z,01K9TGMA7SQN09XEX4ER925TB4,2025-11-11T22:29:51.484901091Z
01K9TK4QBJK6SVNC9N6X81HN97,01K9THEXEQ7CHCVV4RW5S1TPVJ,2025-11-11T23:13:46.354453932Z,10000,2025-11-11T23:13:46.354453932Z,true,2025-11-11T23:18:18.498760875Z,01K9THEXF5K25GF7E1BF0H3VE3,2025-11-11T23:13:46.354453932Z,1,2025-11-11T23:13:46.354453932Z,true,2025-11-11T23:18:11.78147655Z,result,2025-11-11T23:13:46.354453932Z,01K9TK4Q8XVP701GFCQAGBA6XA,2025-11-11T23:13:46.354453932Z,true,2025-11-11T23:18:11.76434317Z,true,2025-11-11T23:18:11.792527995Z,01K9TK4QBEVGKW0Y24HDNJC569,2025-11-11T23:13:46.354453932Z
01K9TFE5C792MN8DZBK2HBG4MK,01K9TE9T6GRQ5KWPW9N4YQG3VB,2025-11-11T22:09:01.319226134Z,10000,2025-11-11T22:09:01.319226134Z,true,2025-11-11T22:09:40.941245242Z,01K9TE9T75JFGS09NGQYAMHPA6,2025-11-11T22:09:01.319226134Z,0,2025-11-11T22:09:01.319226134Z,true,2025-11-11T22:09:29.002321627Z,choice,2025-11-11T22:09:01.319226134Z,01K9TFE5APXVX1ZA58BHC2M9N4,2025-11-11T22:09:01.319226134Z,true,2025-11-11T22:09:28.98356302Z,true,2025-11-11T22:09:29.013727984Z,01K9TFE5BYK2DHAS2VK4CQY1TZ,2025-11-11T22:09:01.319226134Z
01K9TGE98P6JMTSG4W86GJ59QS,01K9TG6EXGBQ4G6XZ3R8J93D2N,2025-11-11T22:26:33.87836147Z,10000,2025-11-11T22:26:33.87836147Z,true,2025-11-11T22:30:07.334912861Z,01K9TG6EXX8QH6HVK7KKMCEBA2,2025-11-11T22:26:33.87836147Z,1,2025-11-11T22:26:33.87836147Z,true,2025-11-11T22:30:04.22896562Z,result,2025-11-11T22:26:33.87836147Z,01K9TGE95FS1V1B4EYHAQRBGA6,2025-11-11T22:26:33.87836147Z,true,2025-11-11T22:30:04.218343573Z,true,2025-11-11T22:30:04.237352749Z,01K9TGE98BTF1NP8HRNVXTJQY0,2025-11-11T22:26:33.87836147Z
01K9TGE997SKCHJH4GJ271XEJV,01K9TG6EXGBQ4G6XZ3R8J93D2N,2025-11-11T22:26:33.895051165Z,10000,2025-11-11T22:26:33.895051165Z,true,2025-11-11T22:30:11.70354303Z,01K9TG6EXX8QH6HVK7KKMCEBA2,2025-11-11T22:26:33.895051165Z,0,2025-11-11T22:26:33.895051165Z,true,2025-11-11T22:30:07.387754457Z,choice,2025-11-11T22:26:33.895051165Z,01K9TGE95GCTZ256T5MN7QQ314,2025-11-11T22:26:33.895051165Z,true,2025-11-11T22:30:07.373484247Z,true,2025-11-11T22:30:07.398066868Z,01K9TGE990Q0E61N1ZBADWRX8Q,2025-11-11T22:26:33.895051165Z
01K9TGMA8BASZX9SD47RVHKK5S,01K9TG836P0GZ79TTG0H44E12V,2025-11-11T22:29:51.499539958Z,10000,2025-11-11T22:29:51.499539958Z,true,2025-11-11T22:34:46.99372936Z,01K9TG8370531XP7CM1VPEH59N,2025-11-11T22:29:51.499539958Z,1,2025-11-11T22:29:51.499539958Z,true,2025-11-11T22:34:38.328871531Z,result,2025-11-11T22:29:51.499539958Z,01K9TGMA502KKF27JY9856VXT9,2025-11-11T22:29:51.499539958Z,true,2025-11-11T22:34:38.312752982Z,true,2025-11-11T22:34:38.342861784Z,01K9TGMA884V5TP6J8G5D1HT1H,2025-11-11T22:29:51.499539958Z
01K9TKSD82MVPZJYDE2ESNB65F,01K9TKHWPQ1CHEHQDB7EFMGZ28,2025-11-11T23:25:04.130393571Z,10000,2025-11-11T23:25:04.130393571Z,true,2025-11-11T23:25:49.712457936Z,01K9TKHWQ56744C1WB3KR2S98C,2025-11-11T23:25:04.130393571Z,0,2025-11-11T23:25:04.130393571Z,true,2025-11-11T23:25:48.074334068Z,choice,2025-11-11T23:25:04.130393571Z,01K9TKSD4K21VP11X04TQB77K1,2025-11-11T23:25:04.130393571Z,true,2025-11-11T23:25:48.056651956Z,true,2025-11-11T23:25:48.086357468Z,01K9TKSD7XGCWDY95V0QGX7JZ0,2025-11-11T23:25:04.130393571Z
01K9TGE97W89N3X9ESWV5YDYEH,01K9TG6EXGBQ4G6XZ3R8J93D2N,2025-11-11T22:26:33.854036413Z,10000,2025-11-11T22:26:33.854036413Z,true,2025-11-11T22:29:58.143846994Z,01K9TG6EXX8QH6HVK7KKMCEBA2,2025-11-11T22:26:33.854036413Z,1,2025-11-11T22:26:33.854036413Z,true,2025-11-11T22:29:52.345023101Z,result,2025-11-11T22:26:33.854036413Z,01K9TGE95PTGDR7QAVZXY8WJJ0,2025-11-11T22:26:33.854036413Z,true,2025-11-11T22:29:52.31573164Z,true,2025-11-11T22:29:52.366316483Z,01K9TGE97S7ZBKQH2NYPCTYFVW,2025-11-11T22:26:33.854036413Z
01K9TGMAA9GN5NGXAFYYWRMR3E,01K9TG836P0GZ79TTG0H44E12V,2025-11-11T22:29:51.561744233Z,10000,2025-11-11T22:29:51.561744233Z,true,2025-11-11T22:35:49.070464064Z,01K9TG8370531XP7CM1VPEH59N,2025-11-11T22:29:51.561744233Z,0,2025-11-11T22:29:51.561744233Z,true,2025-11-11T22:35:47.419123799Z,choice,2025-11-11T22:29:51.561744233Z,01K9TGMA4X601EMW9647JQ41X6,2025-11-11T22:29:51.561744233Z,true,2025-11-11T22:35:47.403318999Z,true,2025-11-11T22:35:47.427817352Z,01K9TGMAA50NYS1ZQAQQ7CAT52,2025-11-11T22:29:51.561744233Z
01K9TK4QF3J8Z6ANX78124KKY2,01K9THEXEQ7CHCVV4RW5S1TPVJ,2025-11-11T23:13:46.467199817Z,10000,2025-11-11T23:13:46.467199817Z,true,2025-11-11T23:20:27.053641303Z,01K9THEXF5K25GF7E1BF0H3VE3,2025-11-11T23:13:46.467199817Z,1,2025-11-11T23:13:46.467199817Z,true,2025-11-11T23:20:22.821307115Z,result,2025-11-11T23:13:46.467199817Z,01K9TK4Q99N9EHWWPQ7PMC3Y1R,2025-11-11T23:13:46.467199817Z,true,2025-11-11T23:20:22.806361334Z,true,2025-11-11T23:20:22.831451141Z,01K9TK4QEXWDF22A3DK5S5R1YR,2025-11-11T23:13:46.467199817Z
01K9TFE5FPJB45NZDNRYFVZ80E,01K9TE9T6GRQ5KWPW9N4YQG3VB,2025-11-11T22:09:01.430386234Z,10000,2025-11-11T22:09:01.430386234Z,true,2025-11-11T22:10:34.873814392Z,01K9TE9T75JFGS09NGQYAMHPA6,2025-11-11T22:09:01.430386234Z,0,2025-11-11T22:09:01.430386234Z,true,2025-11-11T22:10:32.292008285Z,choice,2025-11-11T22:09:01.430386234Z,01K9TFE5AVHDMA5704XATM570S,2025-11-11T22:09:01.430386234Z,true,2025-11-11T22:10:32.276660331Z,true,2025-11-11T22:10:32.305306513Z,01K9TFE5FG11HANFZKGPHDGCP8,2025-11-11T22:09:01.430386234Z
01K9TGE9BAABP5N56AE60VF20N,01K9TG6EXGBQ4G6XZ3R8J93D2N,2025-11-11T22:26:33.962966983Z,10000,2025-11-11T22:26:33.962966983Z,true,2025-11-11T22:31:02.356136327Z,01K9TG6EXX8QH6HVK7KKMCEBA2,2025-11-11T22:26:33.962966983Z,1,2025-11-11T22:26:33.962966983Z,true,2025-11-11T22:31:00.034038039Z,result,2025-11-11T22:26:33.962966983Z,01K9TGE95KNP2XPZSGTYS1D5E4,2025-11-11T22:26:33.962966983Z,true,2025-11-11T22:31:00.018011208Z,true,2025-11-11T22:31:00.042663966Z,01K9TGE9B7VMF4J8STSGNHDW9N,2025-11-11T22:26:33.962966983Z
01K9TGMABSMF9P4WDX8PMMWAAQ,01K9TG836P0GZ79TTG0H44E12V,2025-11-11T22:29:51.609336476Z,10000,2025-11-11T22:29:51.609336476Z,true,2025-11-11T22:36:03.319733932Z,01K9TG8370531XP7CM1VPEH59N,2025-11-11T22:29:51.609336476Z,0,2025-11-11T22:29:51.609336476Z,true,2025-11-11T22:36:01.120237141Z,choice,2025-11-11T22:29:51.609336476Z,01K9TGMA4TG6Z70H84KFN62YMP,2025-11-11T22:29:51.609336476Z,true,2025-11-11T22:36:01.100635774Z,true,2025-11-11T22:36:01.128488881Z,01K9TGMABN3WGNMTW9N7BCFMAH,2025-11-11T22:29:51.609336476Z
01K9TK4QD93DC2HGZCAZNA5F75,01K9THEXEQ7CHCVV4RW5S1TPVJ,2025-11-11T23:13:46.410011236Z,10000,2025-11-11T23:13:46.410011236Z,true,2025-11-11T23:19:45.086925679Z,01K9THEXF5K25GF7E1BF0H3VE3,2025-11-11T23:13:46.410011236Z,0,2025-11-11T23:13:46.410011236Z,true,2025-11-11T23:19:29.07345799Z,choice,2025-11-11T23:13:46.410011236Z,01K9TK4Q9A3QVYJRYMHNV4BNTY,2025-11-11T23:13:46.410011236Z,true,2025-11-11T23:19:29.04004154Z,true,2025-11-11T23:19:29.086996393Z,01K9TK4QD4AS48K9VCZWXN6TQ7,2025-11-11T23:13:46.410011236Z
01K9TK4QDAENRFP9EHK8YADTFE,01K9THEXEQ7CHCVV4RW5S1TPVJ,2025-11-11T23:13:46.410849609Z,10000,2025-11-11T23:13:46.410849609Z,true,2025-11-11T23:19:49.677876359Z,01K9THEXF5K25GF7E1BF0H3VE3,2025-11-11T23:13:46.410849609Z,1,2025-11-11T23:13:46.410849609Z,true,2025-11-11T23:19:45.116571294Z,result,2025-11-11T23:13:46.410849609Z,01K9TK4Q9A3QVYJRYMHNV4BNTY,2025-11-11T23:13:46.410849609Z,true,2025-11-11T23:19:45.1014162Z,true,2025-11-11T23:19:45.130134795Z,01K9TK4QD77Q279EXXESYXZ4HW,2025-11-11T23:13:46.410849609Z
01K9TKSD8MQFKX34HYKW5V7VT0,01K9TKHWPQ1CHEHQDB7EFMGZ28,2025-11-11T23:25:04.148298353Z,10000,2025-11-11T23:25:04.148298353Z,true,2025-11-11T23:25:54.084391003Z,01K9TKHWQ56744C1WB3KR2S98C,2025-11-11T23:25:04.148298353Z,1,2025-11-11T23:25:04.148298353Z,true,2025-11-11T23:25:52.728511849Z,result,2025-11-11T23:25:04.148298353Z,01K9TKSD4S0WBY5DAR4CCHCV01,2025-11-11T23:25:04.148298353Z,true,2025-11-11T23:25:52.692870458Z,true,2025-11-11T23:25:52.745561914Z,01K9TKSD8FPXFV3126KYJYBTJC,2025-11-11T23:25:04.148298353Z
01K9TFE5J4PBJXGAD7V2QTZKPH,01K9TE9T6GRQ5KWPW9N4YQG3VB,2025-11-11T22:09:01.508384912Z,10000,2025-11-11T22:09:01.508384912Z,true,2025-11-11T22:10:46.816412344Z,01K9TE9T75JFGS09NGQYAMHPA6,2025-11-11T22:09:01.508384912Z,1,2025-11-11T22:09:01.508384912Z,true,2025-11-11T22:10:45.138461003Z,result,2025-11-11T22:09:01.508384912Z,01K9TFE5AY8V27C3FQFK4M8FAK,2025-11-11T22:09:01.508384912Z,true,2025-11-11T22:10:45.126293513Z,true,2025-11-11T22:10:45.153756213Z,01K9TFE5J2N98DH81VTHRVN2R8,2025-11-11T22:09:01.508384912Z
01K9TGE96YD66SXHFA7H5S83NC,01K9TG6EXGBQ4G6XZ3R8J93D2N,2025-11-11T22:26:33.822672486Z,10000,2025-11-11T22:26:33.822672486Z,true,2025-11-11T22:29:03.04349939Z,01K9TG6EXX8QH6HVK7KKMCEBA2,2025-11-11T22:26:33.822672486Z,0,2025-11-11T22:26:33.822672486Z,true,2025-11-11T22:28:55.951639712Z,choice,2025-11-11T22:26:33.822672486Z,01K9TGE95CE02K3TBKMJ95ZGJ2,2025-11-11T22:26:33.822672486Z,true,2025-11-11T22:28:55.940382805Z,true,2025-11-11T22:28:55.961659482Z,01K9TGE96SZRCQ1T3755Q0D0XJ,2025-11-11T22:26:33.822672486Z
01K9TKSD5M15X6CJ8WE61A9JHG,01K9TKHWPQ1CHEHQDB7EFMGZ28,2025-11-11T23:25:04.052438119Z,10000,2025-11-11T23:25:04.052438119Z,true,2025-11-11T23:25:29.927419722Z,01K9TKHWQ56744C1WB3KR2S98C,2025-11-11T23:25:04.052438119Z,1,2025-11-11T23:25:04.052438119Z,true,2025-11-11T23:25:27.100470434Z,result,2025-11-11T23:25:04.052438119Z,01K9TKSD4DTPTKV3T447J8DQ4T,2025-11-11T23:25:04.052438119Z,true,2025-11-11T23:25:27.087104494Z,true,2025-11-11T23:25:27.111839451Z,01K9TKSD5GKRH1Q0CYJFRQZVYK,2025-11-11T23:25:04.052438119Z
01K9TKSDBK0DYFHA5FQS51SZSB,01K9TKHWPQ1CHEHQDB7EFMGZ28,2025-11-11T23:25:04.24358353Z,10000,2025-11-11T23:25:04.24358353Z,true,2025-11-11T23:26:00.236709293Z,01K9TKHWQ56744C1WB3KR2S98C,2025-11-11T23:25:04.24358353Z,0,2025-11-11T23:25:04.24358353Z,true,2025-11-11T23:25:59.522373303Z,choice,2025-11-11T23:25:04.24358353Z,01K9TKSD4Q838QWDGNMXFST2R1,2025-11-11T23:25:04.24358353Z,true,2025-11-11T23:25:59.507397839Z,true,2025-11-11T23:25:59.53139824Z,01K9TKSDBFNDFQBBH8CMEGH7Z9,2025-11-11T23:25:04.24358353Z
01K9TKSDD4V3BNEFNFYCTWPKRD,01K9TKHWPQ1CHEHQDB7EFMGZ28,2025-11-11T23:25:04.293023609Z,10000,2025-11-11T23:25:04.293023609Z,true,2025-11-11T23:26:06.564237865Z,01K9TKHWQ56744C1WB3KR2S98C,2025-11-11T23:25:04.293023609Z,1,2025-11-11T23:25:04.293023609Z,true,2025-11-11T23:26:05.507271596Z,result,2025-11-11T23:25:04.293023609Z,01K9TKSD4NGMN4A7DPH9BC9HKR,2025-11-11T23:25:04.293023609Z,true,2025-11-11T23:26:05.490277539Z,true,2025-11-11T23:26:05.518718716Z,01K9TKSDD144S3CSK051GB18E6,2025-11-11T23:25:04.293023609Z
01K9TFE5EPQFGYSS02TK9RQ1SF,01K9TE9T6GRQ5KWPW9N4YQG3VB,2025-11-11T22:09:01.398220747Z,10000,2025-11-11T22:09:01.398220747Z,true,2025-11-11T22:10:23.269148158Z,01K9TE9T75JFGS09NGQYAMHPA6,2025-11-11T22:09:01.398220747Z,0,2025-11-11T22:09:01.398220747Z,true,2025-11-11T22:10:18.977580183Z,choice,2025-11-11T22:09:01.398220747Z,01K9TFE5AW4GN01A5ZJMB7A31A,2025-11-11T22:09:01.398220747Z,true,2025-11-11T22:10:18.962821333Z,true,2025-11-11T22:10:18.985041101Z,01K9TFE5EGZMNAXKBYN4APD1ER,2025-11-11T22:09:01.398220747Z
01K9TGE9A2N9TRFTZM9YGT403W,01K9TG6EXGBQ4G6XZ3R8J93D2N,2025-11-11T22:26:33.92229214Z,10000,2025-11-11T22:26:33.92229214Z,true,2025-11-11T22:30:23.108979954Z,01K9TG6EXX8QH6HVK7KKMCEBA2,2025-11-11T22:26:33.92229214Z,1,2025-11-11T22:26:33.92229214Z,true,2025-11-11T22:30:18.918653217Z,result,2025-11-11T22:26:33.92229214Z,01K9TGE95GCTZ256T5N3SQW9GM,2025-11-11T22:26:33.92229214Z,true,2025-11-11T22:30:18.902397734Z,true,2025-11-11T22:30:18.926114689Z,01K9TGE99P6ERCDFDA0C43WF5K,2025-11-11T22:26:33.92229214Z
01K9TGMAAAW12WQ8Y2QSJ8F5YW,01K9TG836P0GZ79TTG0H44E12V,2025-11-11T22:29:51.562319353Z,10000,2025-11-11T22:29:51.562319353Z,true,2025-11-11T22:35:51.29343137Z,01K9TG8370531XP7CM1VPEH59N,2025-11-11T22:29:51.562319353Z,1,2025-11-11T22:29:51.562319353Z,true,2025-11-11T22:35:49.094955521Z,result,2025-11-11T22:29:51.562319353Z,01K9TGMA4X601EMW9647JQ41X6,2025-11-11T22:29:51.562319353Z,true,2025-11-11T22:35:49.08384593Z,true,2025-11-11T22:35:49.106250255Z,01K9TGMAA7KDX9ZJS2VPBV4PE9,2025-11-11T22:29:51.562319353Z
01K9TK4QCWBECQCX2Z7D17C3R4,01K9THEXEQ7CHCVV4RW5S1TPVJ,2025-11-11T23:13:46.396288408Z,10000,2025-11-11T23:13:46.396288408Z,true,2025-11-11T23:19:12.609459907Z,01K9THEXF5K25GF7E1BF0H3VE3,2025-11-11T23:13:46.396288408Z,0,2025-11-11T23:13:46.396288408Z,true,2025-11-11T23:19:05.342207793Z,choice,2025-11-11T23:13:46.396288408Z,01K9TK4Q9B42RC6PM2BPCADA6C,2025-11-11T23:13:46.396288408Z,true,2025-11-11T23:19:05.326687559Z,true,2025-11-11T23:19:05.357294709Z,01K9TK4QCQDH1HMD5FGW7PDHBZ,2025-11-11T23:13:46.396288408Z
01K9TKSD6F731DTH404MH3KMAV,01K9TKHWPQ1CHEHQDB7EFMGZ28,2025-11-11T23:25:04.079296947Z,10000,2025-11-11T23:25:04.079296947Z,true,2025-11-11T23:25:36.933750266Z,01K9TKHWQ56744C1WB3KR2S98C,2025-11-11T23:25:04.079296947Z,1,2025-11-11T23:25:04.079296947Z,true,2025-11-11T23:25:35.284092632Z,result,2025-11-11T23:25:04.079296947Z,01K9TKSD4JQR16AFAMWKEXHF94,2025-11-11T23:25:04.079296947Z,true,2025-11-11T23:25:35.268262782Z,true,2025-11-11T23:25:35.296964029Z,01K9TKSD6A0GY9NEDP0FFWHZ2X,2025-11-11T23:25:04.079296947Z
01K9TGE97CCBC26ZAZGR2QPN1T,01K9TG6EXGBQ4G6XZ3R8J93D2N,2025-11-11T22:26:33.836555383Z,10000,2025-11-11T22:26:33.836555383Z,true,2025-11-11T22:29:22.981465005Z,01K9TG6EXX8QH6HVK7KKMCEBA2,2025-11-11T22:26:33.836555383Z,1,2025-11-11T22:26:33.836555383Z,true,2025-11-11T22:29:19.232123572Z,result,2025-11-11T22:26:33.836555383Z,01K9TGE95TZYN3K8FV3BD393P8,2025-11-11T22:26:33.836555383Z,true,2025-11-11T22:29:19.214089521Z,true,2025-11-11T22:29:19.243449148Z,01K9TGE979BXK8S3AGTT9RP3FT,2025-11-11T22:26:33.836555383Z
01K9TKSD6Y992ZWBRC1TC29MV3,01K9TKHWPQ1CHEHQDB7EFMGZ28,2025-11-11T23:25:04.094778522Z,10000,2025-11-11T23:25:04.094778522Z,true,2025-11-11T23:25:39.296649195Z,01K9TKHWQ56744C1WB3KR2S98C,2025-11-11T23:25:04.094778522Z,0,2025-11-11T23:25:04.094778522Z,true,2025-11-11T23:25:37.006319443Z,choice,2025-11-11T23:25:04.094778522Z,01K9TKSD4MPZHVQ4TYTPSGSEPW,2025-11-11T23:25:04.094778522Z,true,2025-11-11T23:25:36.98453599Z,true,2025-11-11T23:25:37.019458196Z,01K9TKSD6SMDZTVGGSA266M0N4,2025-11-11T23:25:04.094778522Z
01K9TFE5E9EAW90RQXJS9Z05NE,01K9TE9T6GRQ5KWPW9N4YQG3VB,2025-11-11T22:09:01.385263615Z,10000,2025-11-11T22:09:01.385263615Z,true,2025-11-11T22:10:16.879953931Z,01K9TE9T75JFGS09NGQYAMHPA6,2025-11-11T22:09:01.385263615Z,0,2025-11-11T22:09:01.385263615Z,true,2025-11-11T22:10:13.756408762Z,choice,2025-11-11T22:09:01.385263615Z,01K9TFE5AXCV451BQCYG9CNGS5,2025-11-11T22:09:01.385263615Z,true,2025-11-11T22:10:13.743458987Z,true,2025-11-11T22:10:13.767343246Z,01K9TFE5E4RJZ6R1CSPF9SEF54,2025-11-11T22:09:01.385263615Z
01K9TFE5GSHXA7KZ9FGF45WR8T,01K9TE9T6GRQ5KWPW9N4YQG3VB,2025-11-11T22:09:01.46514476Z,10000,2025-11-11T22:09:01.46514476Z,true,2025-11-11T22:10:41.209265108Z,01K9TE9T75JFGS09NGQYAMHPA6,2025-11-11T22:09:01.46514476Z,0,2025-11-11T22:09:01.46514476Z,true,2025-11-11T22:10:39.825801869Z,choice,2025-11-11T22:09:01.46514476Z,01K9TFE5AR7VP2MYEA0GYCZV21,2025-11-11T22:09:01.46514476Z,true,2025-11-11T22:10:39.807678053Z,true,2025-11-11T22:10:39.838360732Z,01K9TFE5GDCYYD965A6ZJJYZ4X,2025-11-11T22:09:01.46514476Z
01K9TGE98MM7H6DK0VG5HR9M4W,01K9TG6EXGBQ4G6XZ3R8J93D2N,2025-11-11T22:26:33.877379466Z,10000,2025-11-11T22:26:33.877379466Z,true,2025-11-11T22:30:04.206829231Z,01K9TG6EXX8QH6HVK7KKMCEBA2,2025-11-11T22:26:33.877379466Z,0,2025-11-11T22:26:33.877379466Z,true,2025-11-11T22:29:58.20043465Z,choice,2025-11-11T22:26:33.877379466Z,01K9TGE95FS1V1B4EYHAQRBGA6,2025-11-11T22:26:33.877379466Z,true,2025-11-11T22:29:58.186697003Z,true,2025-11-11T22:29:58.217745865Z,01K9TGE9884KQNT1DM85MTNKC4,2025-11-11T22:26:33.877379466Z
01K9TGE9D594KGD1CWQZ1N4968,01K9TG6EXGBQ4G6XZ3R8J93D2N,2025-11-11T22:26:34.021384374Z,10000,2025-11-11T22:26:34.021384374Z,true,2025-11-11T22:31:29.396541187Z,01K9TG6EXX8QH6HVK7KKMCEBA2,2025-11-11T22:26:34.021384374Z,1,2025-11-11T22:26:34.021384374Z,true,2025-11-11T22:31:26.82403024Z,result,2025-11-11T22:26:34.021384374Z,01K9TGE95E94ZEKZD23TRVWN2T,2025-11-11T22:26:34.021384374Z,true,2025-11-11T22:31:26.811808385Z,true,2025-11-11T22:31:26.83862252Z,01K9TGE9D11NX6ZHRE831QSKY1,2025-11-11T22:26:34.021384374Z
01K9TGMA7W61QRFW1CJWA6D8W5,01K9TG836P0GZ79TTG0H44E12V,2025-11-11T22:29:51.484290026Z,10000,2025-11-11T22:29:51.484290026Z,true,2025-11-11T22:33:39.671505398Z,01K9TG8370531XP7CM1VPEH59N,2025-11-11T22:29:51.484290026Z,0,2025-11-11T22:29:51.484290026Z,true,2025-11-11T22:33:33.788285055Z,choice,2025-11-11T22:29:51.484290026Z,01K9TGMA51WM1FT5H4XQCPH7M4,2025-11-11T22:29:51.484290026Z,true,2025-11-11T22:33:33.778444917Z,true,2025-11-11T22:33:33.798274085Z,01K9TGMA7NW29PVM4DY5E90DWW,2025-11-11T22:29:51.484290026Z
01K9TKSD7D43C00G29XVWDPCMV,01K9TKHWPQ1CHEHQDB7EFMGZ28,2025-11-11T23:25:04.109764076Z,10000,2025-11-11T23:25:04.109764076Z,true,2025-11-11T23:25:46.396830286Z,01K9TKHWQ56744C1WB3KR2S98C,2025-11-11T23:25:04.109764076Z,0,2025-11-11T23:25:04.109764076Z,true,2025-11-11T23:25:40.851802293Z,choice,2025-11-11T23:25:04.109764076Z,01K9TKSD4MPZHVQ4TYT6EEEJ3G,2025-11-11T23:25:04.109764076Z,true,2025-11-11T23:25:40.834046968Z,true,2025-11-11T23:25:40.86690937Z,01K9TKSD79CDRMY3YJXQMQCF0N,2025-11-11T23:25:04.109764076Z
01K9TGE9AGWSVRGHSCSZHCHY9C,01K9TG6EXGBQ4G6XZ3R8J93D2N,2025-11-11T22:26:33.936306507Z,10000,2025-11-11T22:26:33.936306507Z,true,2025-11-11T22:30:53.012115306Z,01K9TG6EXX8QH6HVK7KKMCEBA2,2025-11-11T22:26:33.936306507Z,1,2025-11-11T22:26:33.936306507Z,true,2025-11-11T22:30:49.915652913Z,result,2025-11-11T22:26:33.936306507Z,01K9TGE95H93S43VD8W4ZX5JGE,2025-11-11T22:26:33.936306507Z,true,2025-11-11T22:30:49.900620801Z,true,2025-11-11T22:30:49.931291814Z,01K9TGE9ADHNAHBMJD9PZDW544,2025-11-11T22:26:33.936306507Z
01K9TGMA68530Q3AM9N7B1W2N9,01K9TG836P0GZ79TTG0H44E12V,2025-11-11T22:29:51.432846753Z,10000,2025-11-11T22:29:51.432846753Z,true,2025-11-11T22:33:24.854155171Z,01K9TG8370531XP7CM1VPEH59N,2025-11-11T22:29:51.432846753Z,0,2025-11-11T22:29:51.432846753Z,true,2025-11-11T22:33:18.654692182Z,choice,2025-11-11T22:29:51.432846753Z,01K9TGMA4Q7H0VN9NMVWAP8QM8,2025-11-11T22:29:51.432846753Z,true,2025-11-11T22:33:18.640074965Z,true,2025-11-11T22:33:18.669900079Z,01K9TGMA62DYCF16BSQPYJH7P7,2025-11-11T22:29:51.432846753Z
01K9TGMA8QPZP64D2PXHZD2YVA,01K9TG836P0GZ79TTG0H44E12V,2025-11-11T22:29:51.511447151Z,10000,2025-11-11T22:29:51.511447151Z,true,2025-11-11T22:35:03.981215198Z,01K9TG8370531XP7CM1VPEH59N,2025-11-11T22:29:51.511447151Z,1,2025-11-11T22:29:51.511447151Z,true,2025-11-11T22:34:56.898418607Z,result,2025-11-11T22:29:51.511447151Z,01K9TGMA4Z9MQARMEXBRY5H970,2025-11-11T22:29:51.511447151Z,true,2025-11-11T22:34:56.880736451Z,true,2025-11-11T22:34:56.912567568Z,01K9TGMA8MSR2736W1MJ9H6C2B,2025-11-11T22:29:51.511447151Z
01K9TKSD7FT911H32M935YRBQ4,01K9TKHWPQ1CHEHQDB7EFMGZ28,2025-11-11T23:25:04.111411169Z,10000,2025-11-11T23:25:04.111411169Z,true,2025-11-11T23:25:48.002481539Z,01K9TKHWQ56744C1WB3KR2S98C,2025-11-11T23:25:04.111411169Z,1,2025-11-11T23:25:04.111411169Z,true,2025-11-11T23:25:46.430177469Z,result,2025-11-11T23:25:04.111411169Z,01K9TKSD4MPZHVQ4TYT6EEEJ3G,2025-11-11T23:25:04.111411169Z,true,2025-11-11T23:25:46.407722475Z,true,2025-11-11T23:25:46.444735734Z,01K9TKSD7BGANVCG9S6N3P3W1T,2025-11-11T23:25:04.111411169Z
01K9TGE997SKCHJH4GJNCVFN03,01K9TG6EXGBQ4G6XZ3R8J93D2N,2025-11-11T22:26:33.895447678Z,10000,2025-11-11T22:26:33.895447678Z,true,2025-11-11T22:30:13.693596409Z,01K9TG6EXX8QH6HVK7KKMCEBA2,2025-11-11T22:26:33.895447678Z,1,2025-11-11T22:26:33.895447678Z,true,2025-11-11T22:30:11.730083892Z,result,2025-11-11T22:26:33.895447678Z,01K9TGE95GCTZ256T5MN7QQ314,2025-11-11T22:26:33.895447678Z,true,2025-11-11T22:30:11.715628634Z,true,2025-11-11T22:30:11.738665139Z,01K9TGE994BAYPEMPDKSBTBTYY,2025-11-11T22:26:33.895447678Z
01K9TGE9AZ6N88EYXG7M7VBN64,01K9TG6EXGBQ4G6XZ3R8J93D2N,2025-11-11T22:26:33.951105252Z,10000,2025-11-11T22:26:33.951105252Z,true,2025-11-11T22:30:57.635692822Z,01K9TG6EXX8QH6HVK7KKMCEBA2,2025-11-11T22:26:33.951105252Z,1,2025-11-11T22:26:33.951105252Z,true,2025-11-11T22:30:55.494088454Z,result,2025-11-11T22:26:33.951105252Z,01K9TGE95JNQ1S8FDV6A65J8R1,2025-11-11T22:26:33.951105252Z,true,2025-11-11T22:30:55.481613398Z,true,2025-11-11T22:30:55.504007042Z,01K9TGE9AW994260ZFYD9P8Z37,2025-11-11T22:26:33.951105252Z
01K9TK4QFY32HDYVNDNF8DQAGN,01K9THEXEQ7CHCVV4RW5S1TPVJ,2025-11-11T23:13:46.494832167Z,10000,2025-11-11T23:13:46.494832167Z,true,2025-11-11T23:20:32.428186157Z,01K9THEXF5K25GF7E1BF0H3VE3,2025-11-11T23:13:46.494832167Z,0,2025-11-11T23:13:46.494832167Z,true,2025-11-11T23:20:27.130414936Z,choice,2025-11-11T23:13:46.494832167Z,01K9TK4Q946BQG8W4TG8THRRWM,2025-11-11T23:13:46.494832167Z,true,2025-11-11T23:20:27.113701815Z,true,2025-11-11T23:20:27.14822934Z,01K9TK4QFSM5CV794ZHAB1BYBX,2025-11-11T23:13:46.494832167Z
01K9TKSD83TXRZ1TWMBKQ44HKC,01K9TKHWPQ1CHEHQDB7EFMGZ28,2025-11-11T23:25:04.131035916Z,10000,2025-11-11T23:25:04.131035916Z,true,2025-11-11T23:25:50.713286995Z,01K9TKHWQ56744C1WB3KR2S98C,2025-11-11T23:25:04.131035916Z,1,2025-11-11T23:25:04.131035916Z,true,2025-11-11T23:25:49.740026143Z,result,2025-11-11T23:25:04.131035916Z,01K9TKSD4K21VP11X04TQB77K1,2025-11-11T23:25:04.131035916Z,true,2025-11-11T23:25:49.722839499Z,true,2025-11-11T23:25:49.761511153Z,01K9TKSD7Z18N2X5P3T707GEG1,2025-11-11T23:25:04.131035916Z
01K9TKSDB0PTD2DM92DPP6VEMG,01K9TKHWPQ1CHEHQDB7EFMGZ28,2025-11-11T23:25:04.224155591Z,10000,2025-11-11T23:25:04.224155591Z,true,2025-11-11T23:25:59.462072484Z,01K9TKHWQ56744C1WB3KR2S98C,2025-11-11T23:25:04.224155591Z,1,2025-11-11T23:25:04.224155591Z,true,2025-11-11T23:25:58.709232423Z,result,2025-11-11T23:25:04.224155591Z,01K9TKSD4Q838QWDGNNDP2D7W3,2025-11-11T23:25:04.224155591Z,true,2025-11-11T23:25:58.693306779Z,true,2025-11-11T23:25:58.720466309Z,01K9TKSDAXDG5KZATP3RJ2QZRY,2025-11-11T23:25:04.224155591Z
01K9TFE5C792MN8DZBKHX0G5A1,01K9TE9T6GRQ5KWPW9N4YQG3VB,2025-11-11T22:09:01.319384589Z,10000,2025-11-11T22:09:01.319384589Z,true,2025-11-11T22:09:44.969621322Z,01K9TE9T75JFGS09NGQYAMHPA6,2025-11-11T22:09:01.319384589Z,1,2025-11-11T22:09:01.319384589Z,true,2025-11-11T22:09:40.965445928Z,result,2025-11-11T22:09:01.319384589Z,01K9TFE5APXVX1ZA58BHC2M9N4,2025-11-11T22:09:01.319384589Z,true,2025-11-11T22:09:40.954328371Z,true,2025-11-11T22:09:40.979281369Z,01K9TFE5C19K1MWHJTM4438A3D,2025-11-11T22:09:01.319384589Z
01K9TGMA69JQ485F6QN826P82F,01K9TG836P0GZ79TTG0H44E12V,2025-11-11T22:29:51.433462262Z,10000,2025-11-11T22:29:51.433462262Z,true,2025-11-11T22:33:29.605032249Z,01K9TG8370531XP7CM1VPEH59N,2025-11-11T22:29:51.433462262Z,1,2025-11-11T22:29:51.433462262Z,true,2025-11-11T22:33:24.884650108Z,result,2025-11-11T22:29:51.433462262Z,01K9TGMA4Q7H0VN9NMVWAP8QM8,2025-11-11T22:29:51.433462262Z,true,2025-11-11T22:33:24.865735375Z,true,2025-11-11T22:33:24.897713819Z,01K9TGMA646X6HJ4SM7KEV585M,2025-11-11T22:29:51.433462262Z
01K9TK4QDS0T4A525EGQ8GQKTN,01K9THEXEQ7CHCVV4RW5S1TPVJ,2025-11-11T23:13:46.425368172Z,10000,2025-11-11T23:13:46.425368172Z,true,2025-11-11T23:19:57.867451073Z,01K9THEXF5K25GF7E1BF0H3VE3,2025-11-11T23:13:46.425368172Z,0,2025-11-11T23:13:46.425368172Z,true,2025-11-11T23:19:49.785699235Z,choice,2025-11-11T23:13:46.425368172Z,01K9TK4Q96MKZEJYNZPX906Z9Y,2025-11-11T23:13:46.425368172Z,true,2025-11-11T23:19:49.758198882Z,true,2025-11-11T23:19:49.793786927Z,01K9TK4QDKEC327EBQC6K19EC7,2025-11-11T23:13:46.425368172Z
01K9TK4QDT41646509GNWKVZ77,01K9THEXEQ7CHCVV4RW5S1TPVJ,2025-11-11T23:13:46.427997872Z,10000,2025-11-11T23:13:46.427997872Z,true,2025-11-11T23:20:01.869862864Z,01K9THEXF5K25GF7E1BF0H3VE3,2025-11-11T23:13:46.427997872Z,1,2025-11-11T23:13:46.427997872Z,true,2025-11-11T23:19:57.940285802Z,result,2025-11-11T23:13:46.427997872Z,01K9TK4Q96MKZEJYNZPX906Z9Y,2025-11-11T23:13:46.427997872Z,true,2025-11-11T23:19:57.889996253Z,true,2025-11-11T23:19:57.953641329Z,01K9TK4QDPNJJKB2XEEME8VQJE,2025-11-11T23:13:46.427997872Z
01K9TK4QF1MRTNQCF9ZZXE6R9K,01K9THEXEQ7CHCVV4RW5S1TPVJ,2025-11-11T23:13:46.465792146Z,10000,2025-11-11T23:13:46.465792146Z,true,2025-11-11T23:20:22.792371087Z,01K9THEXF5K25GF7E1BF0H3VE3,2025-11-11T23:13:46.465792146Z,0,2025-11-11T23:13:46.465792146Z,true,2025-11-11T23:20:19.160144504Z,choice,2025-11-11T23:13:46.465792146Z,01K9TK4Q99N9EHWWPQ7PMC3Y1R,2025-11-11T23:13:46.465792146Z,true,2025-11-11T23:20:19.146290228Z,true,2025-11-11T23:20:19.173123934Z,01K9TK4QETRPCG9QHHPTVJVFFX,2025-11-11T23:13:46.465792146Z
01K9TKSD5J52CQSWPF67YT54JM,01K9TKHWPQ1CHEHQDB7EFMGZ28,2025-11-11T23:25:04.050979704Z,10000,2025-11-11T23:25:04.050979704Z,true,2025-11-11T23:25:27.072088926Z,01K9TKHWQ56744C1WB3KR2S98C,2025-11-11T23:25:04.050979704Z,0,2025-11-11T23:25:04.050979704Z,true,2025-11-11T23:25:05.033319963Z,choice,2025-11-11T23:25:04.050979704Z,01K9TKSD4DTPTKV3T447J8DQ4T,2025-11-11T23:25:04.050979704Z,true,2025-11-11T23:25:05.020442194Z,true,2025-11-11T23:25:05.043154889Z,01K9TKSD5DY98JRC02VJTW9Z4R,2025-11-11T23:25:04.050979704Z
01K9TK4QAKD7RVXH4Z8YFGKXDP,01K9THEXEQ7CHCVV4RW5S1TPVJ,2025-11-11T23:13:46.323128915Z,10000,2025-11-11T23:13:46.323128915Z,true,2025-11-11T23:17:27.86664647Z,01K9THEXF5K25GF7E1BF0H3VE3,2025-11-11T23:13:46.323128915Z,0,2025-11-11T23:13:46.323128915Z,true,2025-11-11T23:16:35.714248323Z,choice,2025-11-11T23:13:46.323128915Z,01K9TK4Q8VYH1J4FFGCP3S064V,2025-11-11T23:13:46.323128915Z,true,2025-11-11T23:16:35.701594757Z,true,2025-11-11T23:16:35.731761955Z,01K9TK4QADD5NC5TQAH3A3TKRP,2025-11-11T23:13:46.323128915Z
01K9TK4QCEWBHW75YBCVD4HJ54,01K9THEXEQ7CHCVV4RW5S1TPVJ,2025-11-11T23:13:46.382982482Z,10000,2025-11-11T23:13:46.382982482Z,true,2025-11-11T23:18:57.675074743Z,01K9THEXF5K25GF7E1BF0H3VE3,2025-11-11T23:13:46.382982482Z,0,2025-11-11T23:13:46.382982482Z,true,2025-11-11T23:18:38.321338324Z,choice,2025-11-11T23:13:46.382982482Z,01K9TK4Q9B42RC6PM2C4MZ9374,2025-11-11T23:13:46.382982482Z,true,2025-11-11T23:18:38.305570976Z,true,2025-11-11T23:18:38.337439861Z,01K9TK4QCAGEATG5Z358M1E67Z,2025-11-11T23:13:46.382982482Z
01K9TK4QCWBECQCX2Z88SJFMAV,01K9THEXEQ7CHCVV4RW5S1TPVJ,2025-11-11T23:13:46.396851629Z,10000,2025-11-11T23:13:46.396851629Z,true,2025-11-11T23:19:28.991865663Z,01K9THEXF5K25GF7E1BF0H3VE3,2025-11-11T23:13:46.396851629Z,1,2025-11-11T23:13:46.396851629Z,true,2025-11-11T23:19:12.644292421Z,result,2025-11-11T23:13:46.396851629Z,01K9TK4Q9B42RC6PM2BPCADA6C,2025-11-11T23:13:46.396851629Z,true,2025-11-11T23:19:12.621221289Z,true,2025-11-11T23:19:12.660451901Z,01K9TK4QCSY7KD5TD4VBYSFG62,2025-11-11T23:13:46.396851629Z
01K9TGE97CCBC26ZAZG8T4N061,01K9TG6EXGBQ4G6XZ3R8J93D2N,2025-11-11T22:26:33.83612816Z,10000,2025-11-11T22:26:33.83612816Z,true,2025-11-11T22:29:19.197251241Z,01K9TG6EXX8QH6HVK7KKMCEBA2,2025-11-11T22:26:33.83612816Z,0,2025-11-11T22:26:33.83612816Z,true,2025-11-11T22:29:07.3636431Z,choice,2025-11-11T22:26:33.83612816Z,01K9TGE95TZYN3K8FV3BD393P8,2025-11-11T22:26:33.83612816Z,true,2025-11-11T22:29:07.34989765Z,true,2025-11-11T22:29:07.374962351Z,01K9TGE9762TQ4ABW3Y61HGTT5,2025-11-11T22:26:33.83612816Z
01K9TK4QC134FBRPH56SM3BNG1,01K9THEXEQ7CHCVV4RW5S1TPVJ,2025-11-11T23:13:46.369738903Z,10000,2025-11-11T23:13:46.369738903Z,true,2025-11-11T23:18:38.25212457Z,01K9THEXF5K25GF7E1BF0H3VE3,2025-11-11T23:13:46.369738903Z,1,2025-11-11T23:13:46.369738903Z,true,2025-11-11T23:18:32.230306181Z,result,2025-11-11T23:13:46.369738903Z,01K9TK4Q9CGHXAKV5SVTFAQVVB,2025-11-11T23:13:46.369738903Z,true,2025-11-11T23:18:32.203957767Z,true,2025-11-11T23:18:32.2478926Z,01K9TK4QBYKGS1CDVGYJND0AJ8,2025-11-11T23:13:46.369738903Z
01K9TKSDAJR33KYHWQKBZTSQB4,01K9TKHWPQ1CHEHQDB7EFMGZ28,2025-11-11T23:25:04.21085166Z,10000,2025-11-11T23:25:04.21085166Z,true,2025-11-11T23:25:56.857296593Z,01K9TKHWQ56744C1WB3KR2S98C,2025-11-11T23:25:04.21085166Z,0,2025-11-11T23:25:04.21085166Z,true,2025-11-11T23:25:56.156708707Z,choice,2025-11-11T23:25:04.21085166Z,01K9TKSD4R0JQWFFN7W7Z5TYWK,2025-11-11T23:25:04.21085166Z,true,2025-11-11T23:25:56.138117249Z,true,2025-11-11T23:25:56.169834405Z,01K9TKSDAD9Z2RKGA4G5MY8E9Z,2025-11-11T23:25:04.21085166Z
01K9TKSDAZHNXNYB3RP8AB08Z9,01K9TKHWPQ1CHEHQDB7EFMGZ28,2025-11-11T23:25:04.223528614Z,10000,2025-11-11T23:25:04.223528614Z,true,2025-11-11T23:25:58.684661902Z,01K9TKHWQ56744C1WB3KR2S98C,2025-11-11T23:25:04.223528614Z,0,2025-11-11T23:25:04.223528614Z,true,2025-11-11T23:25:57.878071726Z,choice,2025-11-11T23:25:04.223528614Z,01K9TKSD4Q838QWDGNNDP2D7W3,2025-11-11T23:25:04.223528614Z,true,2025-11-11T23:25:57.862307706Z,true,2025-11-11T23:25:57.890740197Z,01K9TKSDAVXF8TEE7P71J8ZPS7,2025-11-11T23:25:04.223528614Z
01K9TKSDCJJV7YNZF3N87Y6JZN,01K9TKHWPQ1CHEHQDB7EFMGZ28,2025-11-11T23:25:04.274170919Z,10000,2025-11-11T23:25:04.274170919Z,true,2025-11-11T23:26:03.676842449Z,01K9TKHWQ56744C1WB3KR2S98C,2025-11-11T23:25:04.274170919Z,0,2025-11-11T23:25:04.274170919Z,true,2025-11-11T23:26:02.927985645Z,choice,2025-11-11T23:25:04.274170919Z,01K9TKSD4HFVA9PSW86GZ086VZ,2025-11-11T23:25:04.274170919Z,true,2025-11-11T23:26:02.911025707Z,true,2025-11-11T23:26:02.936276866Z,01K9TKSDCD189V1743JZRPC7BA,2025-11-11T23:25:04.274170919Z
01K9TKSDAKW6Q97WF6VY5E4VDS,01K9TKHWPQ1CHEHQDB7EFMGZ28,2025-11-11T23:25:04.211481796Z,10000,2025-11-11T23:25:04.211481796Z,true,2025-11-11T23:25:57.81290505Z,01K9TKHWQ56744C1WB3KR2S98C,2025-11-11T23:25:04.211481796Z,1,2025-11-11T23:25:04.211481796Z,true,2025-11-11T23:25:56.887721565Z,result,2025-11-11T23:25:04.211481796Z,01K9TKSD4R0JQWFFN7W7Z5TYWK,2025-11-11T23:25:04.211481796Z,true,2025-11-11T23:25:56.865383646Z,true,2025-11-11T23:25:56.896734742Z,01K9TKSDAG1X8QSTPBGY6CKGSJ,2025-11-11T23:25:04.211481796Z
01K9TKSDCK2867M46FJ64NYG0X,01K9TKHWPQ1CHEHQDB7EFMGZ28,2025-11-11T23:25:04.27522512Z,10000,2025-11-11T23:25:04.27522512Z,true,2025-11-11T23:26:04.578111422Z,01K9TKHWQ56744C1WB3KR2S98C,2025-11-11T23:25:04.27522512Z,1,2025-11-11T23:25:04.27522512Z,true,2025-11-11T23:26:03.704142063Z,result,2025-11-11T23:25:04.27522512Z,01K9TKSD4HFVA9PSW86GZ086VZ,2025-11-11T23:25:04.27522512Z,true,2025-11-11T23:26:03.692919792Z,true,2025-11-11T23:26:03.731037982Z,01K9TKSDCF61RDTRZ8KHKRF966,2025-11-11T23:25:04.27522512Z
01K9TFE5BNMBK6596AQZDJ1CDR,01K9TE9T6GRQ5KWPW9N4YQG3VB,2025-11-11T22:09:01.301488224Z,10000,2025-11-11T22:09:01.301488224Z,true,2025-11-11T22:09:25.352524859Z,01K9TE9T75JFGS09NGQYAMHPA6,2025-11-11T22:09:01.301488224Z,0,2025-11-11T22:09:01.301488224Z,true,2025-11-11T22:09:01.870966903Z,choice,2025-11-11T22:09:01.301488224Z,01K9TFE5AJYTJ90KNXHC4QWS9W,2025-11-11T22:09:01.301488224Z,true,2025-11-11T22:09:01.760700154Z,true,2025-11-11T22:09:01.877368852Z,01K9TFE5BG7D5AD53EG6CY9NZS,2025-11-11T22:09:01.301488224Z
01K9TFE5EPQFGYSS02VAVV2ZNP,01K9TE9T6GRQ5KWPW9N4YQG3VB,2025-11-11T22:09:01.398641989Z,10000,2025-11-11T22:09:01.398641989Z,true,2025-11-11T22:10:25.109859531Z,01K9TE9T75JFGS09NGQYAMHPA6,2025-11-11T22:09:01.398641989Z,1,2025-11-11T22:09:01.398641989Z,true,2025-11-11T22:10:23.291944083Z,result,2025-11-11T22:09:01.398641989Z,01K9TFE5AW4GN01A5ZJMB7A31A,2025-11-11T22:09:01.398641989Z,true,2025-11-11T22:10:23.277004514Z,true,2025-11-11T22:10:23.304245887Z,01K9TFE5EKTFCFE1R249B65MWQ,2025-11-11T22:09:01.398641989Z
01K9TGE9AGWSVRGHSCSBQ0B754,01K9TG6EXGBQ4G6XZ3R8J93D2N,2025-11-11T22:26:33.936021286Z,10000,2025-11-11T22:26:33.936021286Z,true,2025-11-11T22:30:49.881255454Z,01K9TG6EXX8QH6HVK7KKMCEBA2,2025-11-11T22:26:33.936021286Z,0,2025-11-11T22:26:33.936021286Z,true,2025-11-11T22:30:23.19465518Z,choice,2025-11-11T22:26:33.936021286Z,01K9TGE95H93S43VD8W4ZX5JGE,2025-11-11T22:26:33.936021286Z,true,2025-11-11T22:30:23.174382182Z,true,2025-11-11T22:30:23.206973321Z,01K9TGE9ABRF2VP20QV1ASHQDZ,2025-11-11T22:26:33.936021286Z
01K9TGMA7CR43D5EQ9B8R8WHWE,01K9TG836P0GZ79TTG0H44E12V,2025-11-11T22:29:51.468833754Z,10000,2025-11-11T22:29:51.468833754Z,true,2025-11-11T22:33:31.252322691Z,01K9TG8370531XP7CM1VPEH59N,2025-11-11T22:29:51.468833754Z,0,2025-11-11T22:29:51.468833754Z,true,2025-11-11T22:33:29.700614206Z,choice,2025-11-11T22:29:51.468833754Z,01K9TGMA52XBS9APGV64BGMJQ0,2025-11-11T22:29:51.468833754Z,true,2025-11-11T22:33:29.680441886Z,true,2025-11-11T22:33:29.722926823Z,01K9TGMA70E2NZKSBRP97NGBFV,2025-11-11T22:29:51.468833754Z
01K9TGMA8A3QTTRE1KDKYW5YFB,01K9TG836P0GZ79TTG0H44E12V,2025-11-11T22:29:51.498905359Z,10000,2025-11-11T22:29:51.498905359Z,true,2025-11-11T22:34:38.296327817Z,01K9TG8370531XP7CM1VPEH59N,2025-11-11T22:29:51.498905359Z,0,2025-11-11T22:29:51.498905359Z,true,2025-11-11T22:33:46.890345563Z,choice,2025-11-11T22:29:51.498905359Z,01K9TGMA502KKF27JY9856VXT9,2025-11-11T22:29:51.498905359Z,true,2025-11-11T22:33:46.876580153Z,true,2025-11-11T22:33:46.902466187Z,01K9TGMA86VGK5G8G4Z5RG8KCK,2025-11-11T22:29:51.498905359Z
01K9TKSDA1QZKSJT2E0B29Q1BZ,01K9TKHWPQ1CHEHQDB7EFMGZ28,2025-11-11T23:25:04.193395894Z,10000,2025-11-11T23:25:04.193395894Z,true,2025-11-11T23:25:56.087264848Z,01K9TKHWQ56744C1WB3KR2S98C,2025-11-11T23:25:04.193395894Z,1,2025-11-11T23:25:04.193395894Z,true,2025-11-11T23:25:54.930022082Z,result,2025-11-11T23:25:04.193395894Z,01K9TKSD4R0JQWFFN7WQ57XYYY,2025-11-11T23:25:04.193395894Z,true,2025-11-11T23:25:54.909598269Z,true,2025-11-11T23:25:54.943402274Z,01K9TKSD9SJAHMY3VJWJE7W843,2025-11-11T23:25:04.193395894Z
01K9TKSDBM757S3MSH38GKXG6Z,01K9TKHWPQ1CHEHQDB7EFMGZ28,2025-11-11T23:25:04.244658768Z,10000,2025-11-11T23:25:04.244658768Z,true,2025-11-11T23:26:00.874069373Z,01K9TKHWQ56744C1WB3KR2S98C,2025-11-11T23:25:04.244658768Z,1,2025-11-11T23:25:04.244658768Z,true,2025-11-11T23:26:00.267090416Z,result,2025-11-11T23:25:04.244658768Z,01K9TKSD4Q838QWDGNMXFST2R1,2025-11-11T23:25:04.244658768Z,true,2025-11-11T23:26:00.254360191Z,true,2025-11-11T23:26:00.277214719Z,01K9TKSDBHERCTGJJBK0RFJ1TZ,2025-11-11T23:25:04.244658768Z
01K9TFE5CS9KV5759RB2SHS572,01K9TE9T6GRQ5KWPW9N4YQG3VB,2025-11-11T22:09:01.337532924Z,10000,2025-11-11T22:09:01.337532924Z,true,2025-11-11T22:09:50.696674876Z,01K9TE9T75JFGS09NGQYAMHPA6,2025-11-11T22:09:01.337532924Z,0,2025-11-11T22:09:01.337532924Z,true,2025-11-11T22:09:45.024614988Z,choice,2025-11-11T22:09:01.337532924Z,01K9TFE5AY8V27C3FQG1XKA2XH,2025-11-11T22:09:01.337532924Z,true,2025-11-11T22:09:45.011971758Z,true,2025-11-11T22:09:45.0397142Z,01K9TFE5CJHEF5GYEFW9T4DRXJ,2025-11-11T22:09:01.337532924Z
01K9TFE5DTSECPR908Y600P51R,01K9TE9T6GRQ5KWPW9N4YQG3VB,2025-11-11T22:09:01.370915869Z,10000,2025-11-11T22:09:01.370915869Z,true,2025-11-11T22:10:13.696263732Z,01K9TE9T75JFGS09NGQYAMHPA6,2025-11-11T22:09:01.370915869Z,1,2025-11-11T22:09:01.370915869Z,true,2025-11-11T22:10:10.811529702Z,result,2025-11-11T22:09:01.370915869Z,01K9TFE5AXCV451BQCZJ4JH1GC,2025-11-11T22:09:01.370915869Z,true,2025-11-11T22:10:10.795648598Z,true,2025-11-11T22:10:10.824602196Z,01K9TFE5DQZARQA8YTPS9SR23R,2025-11-11T22:09:01.370915869Z
01K9TFE5F2ZXHXNPGC53Y6KHF5,01K9TE9T6GRQ5KWPW9N4YQG3VB,2025-11-11T22:09:01.410620254Z,10000,2025-11-11T22:09:01.410620254Z,true,2025-11-11T22:10:32.231553552Z,01K9TE9T75JFGS09NGQYAMHPA6,2025-11-11T22:09:01.410620254Z,1,2025-11-11T22:09:01.410620254Z,true,2025-11-11T22:10:30.069163599Z,result,2025-11-11T22:09:01.410620254Z,01K9TFE5AXCV451BQCZ0W1V8RR,2025-11-11T22:09:01.410620254Z,true,2025-11-11T22:10:30.04178321Z,true,2025-11-11T22:10:30.086840562Z,01K9TFE5EZ3RFPG6DVTDGZTJA1,2025-11-11T22:09:01.410620254Z
01K9TFE5GSHXA7KZ9FH3XCS0FN,01K9TE9T6GRQ5KWPW9N4YQG3VB,2025-11-11T22:09:01.465904292Z,10000,2025-11-11T22:09:01.465904292Z,true,2025-11-11T22:10:43.511880976Z,01K9TE9T75JFGS09NGQYAMHPA6,2025-11-11T22:09:01.465904292Z,1,2025-11-11T22:09:01.465904292Z,true,2025-11-11T22:10:41.236789374Z,result,2025-11-11T22:09:01.465904292Z,01K9TFE5AR7VP2MYEA0GYCZV21,2025-11-11T22:09:01.465904292Z,true,2025-11-11T22:10:41.217028126Z,true,2025-11-11T22:10:41.24410705Z,01K9TFE5GF15BMJRRT0M2E0T5N,2025-11-11T22:09:01.465904292Z
01K9TKSDA010T1MP69MJ6Q976V,01K9TKHWPQ1CHEHQDB7EFMGZ28,2025-11-11T23:25:04.192241667Z,10000,2025-11-11T23:25:04.192241667Z,true,2025-11-11T23:25:54.900873638Z,01K9TKHWQ56744C1WB3KR2S98C,2025-11-11T23:25:04.192241667Z,0,2025-11-11T23:25:04.192241667Z,true,2025-11-11T23:25:54.154252103Z,choice,2025-11-11T23:25:04.192241667Z,01K9TKSD4R0JQWFFN7WQ57XYYY,2025-11-11T23:25:04.192241667Z,true,2025-11-11T23:25:54.140206714Z,true,2025-11-11T23:25:54.163680208Z,01K9TKSD9BTJFFCH7GMES8FJWC,2025-11-11T23:25:04.192241667Z
01K9TFE5G6JH6ES8C3SYQR1PYW,01K9TE9T6GRQ5KWPW9N4YQG3VB,2025-11-11T22:09:01.446585726Z,10000,2025-11-11T22:09:01.446585726Z,true,2025-11-11T22:10:37.97512866Z,01K9TE9T75JFGS09NGQYAMHPA6,2025-11-11T22:09:01.446585726Z,0,2025-11-11T22:09:01.446585726Z,true,2025-11-11T22:10:36.473368485Z,choice,2025-11-11T22:09:01.446585726Z,01K9TFE5AT6K45GQK4SCHXAB74,2025-11-11T22:09:01.446585726Z,true,2025-11-11T22:10:36.459045446Z,true,2025-11-11T22:10:36.482521514Z,01K9TFE5G1G0K1EQ2MJ8TX9RBF,2025-11-11T22:09:01.446585726Z
01K9TGE9AYYQ49DZD3Z0CKJDAJ,01K9TG6EXGBQ4G6XZ3R8J93D2N,2025-11-11T22:26:33.95067322Z,10000,2025-11-11T22:26:33.95067322Z,true,2025-11-11T22:30:55.466954926Z,01K9TG6EXX8QH6HVK7KKMCEBA2,2025-11-11T22:26:33.95067322Z,0,2025-11-11T22:26:33.95067322Z,true,2025-11-11T22:30:53.075511369Z,choice,2025-11-11T22:26:33.95067322Z,01K9TGE95JNQ1S8FDV6A65J8R1,2025-11-11T22:26:33.95067322Z,true,2025-11-11T22:30:53.060703658Z,true,2025-11-11T22:30:53.088873391Z,01K9TGE9ATVPPWEGYBAN3CCBBA,2025-11-11T22:26:33.95067322Z
01K9TGE9BZS1DFXYJ1NHGXFG9Y,01K9TG6EXGBQ4G6XZ3R8J93D2N,2025-11-11T22:26:33.983205775Z,10000,2025-11-11T22:26:33.983205775Z,true,2025-11-11T22:31:07.406366952Z,01K9TG6EXX8QH6HVK7KKMCEBA2,2025-11-11T22:26:33.983205775Z,1,2025-11-11T22:26:33.983205775Z,true,2025-11-11T22:31:04.578698154Z,result,2025-11-11T22:26:33.983205775Z,01K9TGE95PTGDR7QAVZDS4EY5Z,2025-11-11T22:26:33.983205775Z,true,2025-11-11T22:31:04.554366347Z,true,2025-11-11T22:31:04.595661162Z,01K9TGE9BWS7VSKD3PX6NX4Z1Y,2025-11-11T22:26:33.983205775Z
01K9TK4QCFHNF7418QTY3H1CP5,01K9THEXEQ7CHCVV4RW5S1TPVJ,2025-11-11T23:13:46.383839221Z,10000,2025-11-11T23:13:46.383839221Z,true,2025-11-11T23:19:05.277185927Z,01K9THEXF5K25GF7E1BF0H3VE3,2025-11-11T23:13:46.383839221Z,1,2025-11-11T23:13:46.383839221Z,true,2025-11-11T23:18:57.703240172Z,result,2025-11-11T23:13:46.383839221Z,01K9TK4Q9B42RC6PM2C4MZ9374,2025-11-11T23:13:46.383839221Z,true,2025-11-11T23:18:57.690622375Z,true,2025-11-11T23:18:57.7183812Z,01K9TK4QCCM3233G4DHDX9W71P,2025-11-11T23:13:46.383839221Z
01K9TK4QFZ2KT9BZ1R896TBEA0,01K9THEXEQ7CHCVV4RW5S1TPVJ,2025-11-11T23:13:46.495666507Z,10000,2025-11-11T23:13:46.495666507Z,true,2025-11-11T23:20:38.09615721Z,01K9THEXF5K25GF7E1BF0H3VE3,2025-11-11T23:13:46.495666507Z,1,2025-11-11T23:13:46.495666507Z,true,2025-11-11T23:20:32.466387196Z,result,2025-11-11T23:13:46.495666507Z,01K9TK4Q946BQG8W4TG8THRRWM,2025-11-11T23:13:46.495666507Z,true,2025-11-11T23:20:32.44243093Z,true,2025-11-11T23:20:32.485573665Z,01K9TK4QFWQHB9CYWMTF2GCNSK,2025-11-11T23:13:46.495666507Z
01K9TK4QGF1J73R4898ZXXBJ19,01K9THEXEQ7CHCVV4RW5S1TPVJ,2025-11-11T23:13:46.511056559Z,10000,2025-11-11T23:13:46.511056559Z,true,2025-11-11T23:20:44.363611236Z,01K9THEXF5K25GF7E1BF0H3VE3,2025-11-11T23:13:46.511056559Z,0,2025-11-11T23:13:46.511056559Z,true,2025-11-11T23:20:38.165366619Z,choice,2025-11-11T23:13:46.511056559Z,01K9TK4Q91SS22TEFNVJ22QER1,2025-11-11T23:13:46.511056559Z,true,2025-11-11T23:20:38.148959177Z,true,2025-11-11T23:20:38.185430342Z,01K9TK4QG9V29M9BA79EHAH6FH,2025-11-11T23:13:46.511056559Z
01K9TGE9BYBP96ZK0T1MY0P5ZE,01K9TG6EXGBQ4G6XZ3R8J93D2N,2025-11-11T22:26:33.982750283Z,10000,2025-11-11T22:26:33.982750283Z,true,2025-11-11T22:31:04.541228385Z,01K9TG6EXX8QH6HVK7KKMCEBA2,2025-11-11T22:26:33.982750283Z,0,2025-11-11T22:26:33.982750283Z,true,2025-11-11T22:31:02.423157553Z,choice,2025-11-11T22:26:33.982750283Z,01K9TGE95PTGDR7QAVZDS4EY5Z,2025-11-11T22:26:33.982750283Z,true,2025-11-11T22:31:02.409677767Z,true,2025-11-11T22:31:02.435792295Z,01K9TGE9BTNTWMBDNT3DWEQHEH,2025-11-11T22:26:33.982750283Z
01K9TGMAB2MXSRV2N0W2TZQARD,01K9TG836P0GZ79TTG0H44E12V,2025-11-11T22:29:51.586320006Z,10000,2025-11-11T22:29:51.586320006Z,true,2025-11-11T22:35:57.194225968Z,01K9TG8370531XP7CM1VPEH59N,2025-11-11T22:29:51.586320006Z,1,2025-11-11T22:29:51.586320006Z,true,2025-11-11T22:35:55.787064492Z,result,2025-11-11T22:29:51.586320006Z,01K9TGMA4VG9WMXA9ECCASRFH8,2025-11-11T22:29:51.586320006Z,true,2025-11-11T22:35:55.771624797Z,true,2025-11-11T22:35:55.799164618Z,01K9TGMAAZJZBB4NVYF98956SJ,2025-11-11T22:29:51.586320006Z
