id,batchID,batchIDLastChangedAt,gameID,gameIDLastChangedAt,playerID,playerIDLastChangedAt
01K9BDBN7V7JPRGNG0NH9DR7XP,01K9BDAQCSZ8QJA495PKP7RFRD,2025-11-05T17:44:05.627754-08:00,01K9BDAQDKEJPQ224CXD1Z4K90,2025-11-05T17:44:05.627754-08:00,01K9BDBD9EQTQQMDYZA4Q0JVRS,2025-11-05T17:44:05.627754-08:00
01K9BDBN7V7JPRGNG0NVSB5ZYC,01K9BDAQCSZ8QJA495PKP7RFRD,2025-11-05T17:44:05.627891-08:00,01K9BDAQDKEJPQ224CXD1Z4K90,2025-11-05T17:44:05.627891-08:00,01K9BDBKRKY3W5QJEN3TZGQ8GX,2025-11-05T17:44:05.627891-08:00
01K9BDGHQVPBKEXZYRAHZW13AE,01K9BDERYREB8GBPEC75QXGXS3,2025-11-05T17:46:45.884039-08:00,01K9BDERZBM8DVE1MKS2RPKREY,2025-11-05T17:46:45.884039-08:00,01K9BDGC7HYYQC36MAGZQ0A09E,2025-11-05T17:46:45.884039-08:00
01K9BDGHQW0HXPXGXEZYBH00AR,01K9BDERYREB8GBPEC75QXGXS3,2025-11-05T17:46:45.884361-08:00,01K9BDERZBM8DVE1MKS2RPKREY,2025-11-05T17:46:45.884361-08:00,01K9BDGH2KGWS2BMRDSAJZ64DR,2025-11-05T17:46:45.884361-08:00
